46691_27707.html,1,1,久し振り,名詞,一般,,,,,久し振り,ヒサシブリ,ヒサシブリ
46691_27707.html,1,2,に,助詞,格助詞,一般,,,,に,ニ,ニ
46691_27707.html,1,3,上京,名詞,サ変接続,,,,,上京,ジョウキョウ,ジョーキョー
46691_27707.html,1,4,する,動詞,自立,,,サ変・スル,基本形,する,スル,スル
46691_27707.html,1,5,と,助詞,接続助詞,,,,,と,ト,ト
46691_27707.html,1,6,マゴツク,名詞,一般,,,,,マゴツク,マゴツク,マゴツク
46691_27707.html,1,7,事,名詞,接尾,一般,,,,事,ジ,ジ
46691_27707.html,1,8,や,助詞,並立助詞,,,,,や,ヤ,ヤ
46691_27707.html,1,9,、,記号,読点,,,,,、,、,、
46691_27707.html,1,10,吃驚,名詞,サ変接続,,,,,吃驚,ビックリ,ビックリ
46691_27707.html,1,11,さ,動詞,自立,,,サ変・スル,未然レル接続,する,サ,サ
46691_27707.html,1,12,せ,動詞,接尾,,,一段,未然形,せる,セ,セ
46691_27707.html,1,13,られる,動詞,接尾,,,一段,基本形,られる,ラレル,ラレル
46691_27707.html,1,14,事,名詞,非自立,一般,,,,事,コト,コト
46691_27707.html,1,15,ばかり,助詞,副助詞,,,,,ばかり,バカリ,バカリ
46691_27707.html,1,16,で,助動詞,,,,特殊・ダ,連用形,だ,デ,デ
46691_27707.html,1,17,、,記号,読点,,,,,、,、,、
46691_27707.html,1,18,だんだん,副詞,一般,,,,,だんだん,ダンダン,ダンダン
46691_27707.html,1,19,恐ろしく,副詞,一般,,,,,恐ろしく,オソロシク,オソロシク
46691_27707.html,1,20,なっ,動詞,自立,,,五段・ラ行,連用タ接続,なる,ナッ,ナッ
46691_27707.html,1,21,て,助詞,接続助詞,,,,,て,テ,テ
46691_27707.html,1,22,来る,動詞,非自立,,,カ変・来ル,基本形,来る,クル,クル
46691_27707.html,1,23,。,記号,句点,,,,,。,。,。
46691_27707.html,2,1,田舎,名詞,一般,,,,,田舎,イナカ,イナカ
46691_27707.html,2,2,に,助詞,格助詞,一般,,,,に,ニ,ニ
46691_27707.html,2,3,いる,動詞,自立,,,一段,基本形,いる,イル,イル
46691_27707.html,2,4,と,助詞,接続助詞,,,,,と,ト,ト
46691_27707.html,2,5,、,記号,読点,,,,,、,、,、
46691_27707.html,2,6,これ,名詞,代名詞,一般,,,,これ,コレ,コレ
46691_27707.html,2,7,でも,助詞,副助詞,,,,,でも,デモ,デモ
46691_27707.html,2,8,相当,名詞,形容動詞語幹,,,,,相当,ソウトウ,ソートー
46691_27707.html,2,9,の,助詞,連体化,,,,,の,ノ,ノ
46691_27707.html,2,10,東京,名詞,固有名詞,地域,一般,,,東京,トウキョウ,トーキョー
46691_27707.html,2,11,通,名詞,接尾,一般,,,,通,ドオリ,ドーリ
46691_27707.html,2,12,で,助動詞,,,,特殊・ダ,連用形,だ,デ,デ
46691_27707.html,2,13,ある,助動詞,,,,五段・ラ行アル,基本形,ある,アル,アル
46691_27707.html,2,14,が,助詞,接続助詞,,,,,が,ガ,ガ
46691_27707.html,2,15,、,記号,読点,,,,,、,、,、
46691_27707.html,2,16,本場,名詞,一般,,,,,本場,ホンバ,ホンバ
46691_27707.html,2,17,に,助詞,格助詞,一般,,,,に,ニ,ニ
46691_27707.html,2,18,乗り出す,動詞,自立,,,五段・サ行,基本形,乗り出す,ノリダス,ノリダス
46691_27707.html,2,19,と,助詞,接続助詞,,,,,と,ト,ト
46691_27707.html,2,20,豈,副詞,一般,,,,,豈,アニ,アニ
46691_27707.html,2,21,計ら,動詞,自立,,,五段・ラ行,未然形,計る,ハカラ,ハカラ
46691_27707.html,2,22,ん,助動詞,,,,不変化型,基本形,ん,ン,ン
46691_27707.html,2,23,や,助詞,接続助詞,,,,,や,ヤ,ヤ
46691_27707.html,2,24,で,助動詞,,,,特殊・ダ,連用形,だ,デ,デ
46691_27707.html,2,25,、,記号,読点,,,,,、,、,、
46691_27707.html,2,26,皆,名詞,代名詞,一般,,,,皆,ミナ,ミナ
46691_27707.html,2,27,から,助詞,格助詞,一般,,,,から,カラ,カラ
46691_27707.html,2,28,笑い草,名詞,一般,,,,,笑い草,ワライグサ,ワライグサ
46691_27707.html,2,29,に,助詞,格助詞,一般,,,,に,ニ,ニ
46691_27707.html,2,30,さ,動詞,自立,,,サ変・スル,未然レル接続,する,サ,サ
46691_27707.html,2,31,れる,動詞,接尾,,,一段,基本形,れる,レル,レル
46691_27707.html,2,32,事,名詞,非自立,一般,,,,事,コト,コト
46691_27707.html,2,33,が,助詞,格助詞,一般,,,,が,ガ,ガ
46691_27707.html,2,34,多い,形容詞,自立,,,形容詞・アウオ段,基本形,多い,オオイ,オーイ
46691_27707.html,2,35,。,記号,句点,,,,,。,。,。
46691_27707.html,3,1,横浜,名詞,固有名詞,地域,一般,,,横浜,ヨコハマ,ヨコハマ
46691_27707.html,3,2,から,助詞,格助詞,一般,,,,から,カラ,カラ
46691_27707.html,3,3,出る,動詞,自立,,,一段,基本形,出る,デル,デル
46691_27707.html,3,4,電車,名詞,一般,,,,,電車,デンシャ,デンシャ
46691_27707.html,3,5,は,助詞,係助詞,,,,,は,ハ,ワ
46691_27707.html,3,6,東京,名詞,固有名詞,地域,一般,,,東京,トウキョウ,トーキョー
46691_27707.html,3,7,行,名詞,接尾,地域,,,,行,イキ,イキ
46691_27707.html,3,8,ばかり,助詞,副助詞,,,,,ばかり,バカリ,バカリ
46691_27707.html,3,9,と,助詞,格助詞,引用,,,,と,ト,ト
46691_27707.html,3,10,思っ,動詞,自立,,,五段・ワ行促音便,連用タ接続,思う,オモッ,オモッ
46691_27707.html,3,11,て,助詞,接続助詞,,,,,て,テ,テ
46691_27707.html,3,12,乗り込ん,動詞,自立,,,五段・マ行,連用タ接続,乗り込む,ノリコン,ノリコン
46691_27707.html,3,13,で,助詞,接続助詞,,,,,で,デ,デ
46691_27707.html,3,14,、,記号,読点,,,,,、,、,、
46691_27707.html,3,15,澄まし,動詞,自立,,,五段・サ行,連用形,澄ます,スマシ,スマシ
46691_27707.html,3,16,て,助詞,接続助詞,,,,,て,テ,テ
46691_27707.html,3,17,新聞,名詞,一般,,,,,新聞,シンブン,シンブン
46691_27707.html,3,18,を,助詞,格助詞,一般,,,,を,ヲ,ヲ
46691_27707.html,3,19,読ん,動詞,自立,,,五段・マ行,連用タ接続,読む,ヨン,ヨン
46691_27707.html,3,20,で,助詞,接続助詞,,,,,で,デ,デ
46691_27707.html,3,21,いる,動詞,非自立,,,一段,基本形,いる,イル,イル
46691_27707.html,3,22,うち,名詞,非自立,副詞可能,,,,うち,ウチ,ウチ
46691_27707.html,3,23,に,助詞,格助詞,一般,,,,に,ニ,ニ
46691_27707.html,3,24,フト,名詞,一般,,,,,フト,フト,フト
46691_27707.html,3,25,気が付く,動詞,自立,,,五段・カ行イ音便,基本形,気が付く,キガツク,キガツク
46691_27707.html,3,26,と,助詞,接続助詞,,,,,と,ト,ト
46691_27707.html,3,27,大,接頭詞,名詞接続,,,,,大,ダイ,ダイ
46691_27707.html,3,28,森林,名詞,一般,,,,,森林,シンリン,シンリン
46691_27707.html,3,29,の,助詞,連体化,,,,,の,ノ,ノ
46691_27707.html,3,30,傍,名詞,一般,,,,,傍,ハタ,ハタ
46691_27707.html,3,31,を,助詞,格助詞,一般,,,,を,ヲ,ヲ
46691_27707.html,3,32,通っ,動詞,自立,,,五段・ラ行,連用タ接続,通る,トオッ,トーッ
46691_27707.html,3,33,て,助詞,接続助詞,,,,,て,テ,テ
46691_27707.html,3,34,いる,動詞,非自立,,,一段,基本形,いる,イル,イル
46691_27707.html,3,35,ので,助詞,接続助詞,,,,,ので,ノデ,ノデ
46691_27707.html,3,36,ビックリ,名詞,サ変接続,,,,,ビックリ,ビックリ,ビックリ
46691_27707.html,3,37,し,動詞,自立,,,サ変・スル,連用形,する,シ,シ
46691_27707.html,3,38,た,助動詞,,,,特殊・タ,基本形,た,タ,タ
46691_27707.html,3,39,。,記号,句点,,,,,。,。,。
46691_27707.html,4,1,モウ,名詞,一般,,,,,モウ,モウ,モウ
46691_27707.html,4,2,東京,名詞,固有名詞,地域,一般,,,東京,トウキョウ,トーキョー
46691_27707.html,4,3,に,助詞,格助詞,一般,,,,に,ニ,ニ
46691_27707.html,4,4,着く,動詞,自立,,,五段・カ行イ音便,基本形,着く,ツク,ツク
46691_27707.html,4,5,頃,名詞,非自立,副詞可能,,,,頃,コロ,コロ
46691_27707.html,4,6,だ,助動詞,,,,特殊・ダ,基本形,だ,ダ,ダ
46691_27707.html,4,7,が,助詞,接続助詞,,,,,が,ガ,ガ
46691_27707.html,4,8,ハテ,感動詞,,,,,,ハテ,ハテ,ハテ
46691_27707.html,4,9,、,記号,読点,,,,,、,、,、
46691_27707.html,4,10,何処,名詞,代名詞,一般,,,,何処,ドコ,ドコ
46691_27707.html,4,11,の,助詞,連体化,,,,,の,ノ,ノ
46691_27707.html,4,12,公園,名詞,一般,,,,,公園,コウエン,コーエン
46691_27707.html,4,13,の,助詞,連体化,,,,,の,ノ,ノ
46691_27707.html,4,14,中,名詞,非自立,副詞可能,,,,中,ナカ,ナカ
46691_27707.html,4,15,を,助詞,格助詞,一般,,,,を,ヲ,ヲ
46691_27707.html,4,16,通っ,動詞,自立,,,五段・ラ行,連用タ接続,通る,トオッ,トーッ
46691_27707.html,4,17,て,助詞,接続助詞,,,,,て,テ,テ
46691_27707.html,4,18,いる,動詞,非自立,,,一段,基本形,いる,イル,イル
46691_27707.html,4,19,の,名詞,非自立,一般,,,,の,ノ,ノ
46691_27707.html,4,20,か,助詞,副助詞／並立助詞／終助詞,,,,,か,カ,カ
46691_27707.html,4,21,知ら,動詞,自立,,,五段・ラ行,未然形,知る,シラ,シラ
46691_27707.html,4,22,ん,助動詞,,,,不変化型,基本形,ん,ン,ン
46691_27707.html,4,23,と,助詞,格助詞,引用,,,,と,ト,ト
46691_27707.html,4,24,思っ,動詞,自立,,,五段・ワ行促音便,連用タ接続,思う,オモッ,オモッ
46691_27707.html,4,25,て,助詞,接続助詞,,,,,て,テ,テ
46691_27707.html,4,26,窓,名詞,一般,,,,,窓,マド,マド
46691_27707.html,4,27,の,助詞,連体化,,,,,の,ノ,ノ
46691_27707.html,4,28,外,名詞,一般,,,,,外,ソト,ソト
46691_27707.html,4,29,を,助詞,格助詞,一般,,,,を,ヲ,ヲ
46691_27707.html,4,30,覗い,動詞,自立,,,五段・カ行イ音便,連用タ接続,覗く,ノゾイ,ノゾイ
46691_27707.html,4,31,て,助詞,接続助詞,,,,,て,テ,テ
46691_27707.html,4,32,みる,動詞,非自立,,,一段,基本形,みる,ミル,ミル
46691_27707.html,4,33,と,助詞,接続助詞,,,,,と,ト,ト
46691_27707.html,4,34,単線,名詞,一般,,,,,単線,タンセン,タンセン
46691_27707.html,4,35,に,助詞,格助詞,一般,,,,に,ニ,ニ
46691_27707.html,4,36,なっ,動詞,自立,,,五段・ラ行,連用タ接続,なる,ナッ,ナッ
46691_27707.html,4,37,て,助詞,接続助詞,,,,,て,テ,テ
46691_27707.html,4,38,いる,動詞,非自立,,,一段,基本形,いる,イル,イル
46691_27707.html,4,39,ので,助詞,接続助詞,,,,,ので,ノデ,ノデ
46691_27707.html,4,40,イヨイヨ,副詞,一般,,,,,イヨイヨ,イヨイヨ,イヨイヨ
46691_27707.html,4,41,狼狽,名詞,サ変接続,,,,,狼狽,ロウバイ,ローバイ
46691_27707.html,4,42,し,動詞,自立,,,サ変・スル,連用形,する,シ,シ
46691_27707.html,4,43,た,助動詞,,,,特殊・タ,基本形,た,タ,タ
46691_27707.html,4,44,。,記号,句点,,,,,。,。,。
46691_27707.html,5,1,車掌,名詞,一般,,,,,車掌,シャショウ,シャショー
46691_27707.html,5,2,に,助詞,格助詞,一般,,,,に,ニ,ニ
46691_27707.html,5,3,聞い,動詞,自立,,,五段・カ行イ音便,連用タ接続,聞く,キイ,キイ
46691_27707.html,5,4,て,助詞,接続助詞,,,,,て,テ,テ
46691_27707.html,5,5,みる,動詞,非自立,,,一段,基本形,みる,ミル,ミル
46691_27707.html,5,6,と,助詞,接続助詞,,,,,と,ト,ト
46691_27707.html,5,7,八王子,名詞,固有名詞,地域,一般,,,八王子,ハチオウジ,ハチオージ
46691_27707.html,5,8,へ,助詞,格助詞,一般,,,,へ,ヘ,エ
46691_27707.html,5,9,行く,動詞,自立,,,五段・カ行促音便,基本形,行く,イク,イク
46691_27707.html,5,10,の,名詞,非自立,一般,,,,の,ノ,ノ
46691_27707.html,5,11,だ,助動詞,,,,特殊・ダ,基本形,だ,ダ,ダ
46691_27707.html,5,12,と,助詞,格助詞,引用,,,,と,ト,ト
46691_27707.html,5,13,いう,動詞,自立,,,五段・ワ行促音便,基本形,いう,イウ,イウ
46691_27707.html,5,14,。,記号,句点,,,,,。,。,。
46691_27707.html,6,1,冗談,名詞,一般,,,,,冗談,ジョウダン,ジョーダン
46691_27707.html,6,2,じゃ,助詞,副助詞,,,,,じゃ,ジャ,ジャ
46691_27707.html,6,3,ない,助動詞,,,,特殊・ナイ,基本形,ない,ナイ,ナイ
46691_27707.html,6,4,。,記号,句点,,,,,。,。,。
46691_27707.html,7,1,這,名詞,一般,,,,,這,這,這
46691_27707.html,7,2,々,記号,一般,,,,,々,々,々
46691_27707.html,7,3,の,助詞,連体化,,,,,の,ノ,ノ
46691_27707.html,7,4,体,名詞,一般,,,,,体,カラダ,カラダ
46691_27707.html,7,5,で,助詞,格助詞,一般,,,,で,デ,デ
46691_27707.html,7,6,神奈川,名詞,固有名詞,地域,一般,,,神奈川,カナガワ,カナガワ
46691_27707.html,7,7,迄,助詞,副助詞,,,,,迄,マデ,マデ
46691_27707.html,7,8,送り,動詞,自立,,,五段・ラ行,連用形,送る,オクリ,オクリ
46691_27707.html,7,9,戻さ,動詞,自立,,,五段・サ行,未然形,戻す,モドサ,モドサ
46691_27707.html,7,10,れ,動詞,接尾,,,一段,連用形,れる,レ,レ
46691_27707.html,7,11,た,助動詞,,,,特殊・タ,基本形,た,タ,タ
46691_27707.html,7,12,。,記号,句点,,,,,。,。,。
46691_27707.html,8,1,銀座,名詞,固有名詞,地域,一般,,,銀座,ギンザ,ギンザ
46691_27707.html,8,2,尾張,名詞,固有名詞,地域,一般,,,尾張,オワリ,オワリ
46691_27707.html,8,3,町,名詞,接尾,地域,,,,町,マチ,マチ
46691_27707.html,8,4,から,助詞,格助詞,一般,,,,から,カラ,カラ
46691_27707.html,8,5,上野,名詞,固有名詞,地域,一般,,,上野,ウエノ,ウエノ
46691_27707.html,8,6,の,助詞,連体化,,,,,の,ノ,ノ
46691_27707.html,8,7,展覧,名詞,サ変接続,,,,,展覧,テンラン,テンラン
46691_27707.html,8,8,会,名詞,接尾,一般,,,,会,カイ,カイ
46691_27707.html,8,9,へ,助詞,格助詞,一般,,,,へ,ヘ,エ
46691_27707.html,8,10,行く,動詞,自立,,,五段・カ行促音便,基本形,行く,イク,イク
46691_27707.html,8,11,積り,名詞,一般,,,,,積り,ツモリ,ツモリ
46691_27707.html,8,12,で,助詞,格助詞,一般,,,,で,デ,デ
46691_27707.html,8,13,、,記号,読点,,,,,、,、,、
46691_27707.html,8,14,生まれ,動詞,自立,,,一段,連用形,生まれる,ウマレ,ウマレ
46691_27707.html,8,15,て,助詞,接続助詞,,,,,て,テ,テ
46691_27707.html,8,16,初めて,副詞,一般,,,,,初めて,ハジメテ,ハジメテ
46691_27707.html,8,17,の,助詞,連体化,,,,,の,ノ,ノ
46691_27707.html,8,18,地下鉄,名詞,一般,,,,,地下鉄,チカテツ,チカテツ
46691_27707.html,8,19,へ,助詞,格助詞,一般,,,,へ,ヘ,エ
46691_27707.html,8,20,降り,動詞,自立,,,一段,連用形,降りる,オリ,オリ
46691_27707.html,8,21,て,助詞,接続助詞,,,,,て,テ,テ
46691_27707.html,8,22,みる,動詞,非自立,,,一段,基本形,みる,ミル,ミル
46691_27707.html,8,23,。,記号,句点,,,,,。,。,。
46691_27707.html,9,1,見渡す,動詞,自立,,,五段・サ行,基本形,見渡す,ミワタス,ミワタス
46691_27707.html,9,2,限り,名詞,非自立,副詞可能,,,,限り,カギリ,カギリ
46691_27707.html,9,3,百貨店,名詞,一般,,,,,百貨店,ヒャッカテン,ヒャッカテン
46691_27707.html,9,4,みたい,名詞,非自立,形容動詞語幹,,,,みたい,ミタイ,ミタイ
46691_27707.html,9,5,で,助動詞,,,,特殊・ダ,連用形,だ,デ,デ
46691_27707.html,9,6,、,記号,読点,,,,,、,、,、
46691_27707.html,9,7,何処,名詞,代名詞,一般,,,,何処,ドコ,ドコ
46691_27707.html,9,8,で,助詞,格助詞,一般,,,,で,デ,デ
46691_27707.html,9,9,切符,名詞,一般,,,,,切符,キップ,キップ
46691_27707.html,9,10,を,助詞,格助詞,一般,,,,を,ヲ,ヲ
46691_27707.html,9,11,売っ,動詞,自立,,,五段・ラ行,連用タ接続,売る,ウッ,ウッ
46691_27707.html,9,12,て,助詞,接続助詞,,,,,て,テ,テ
46691_27707.html,9,13,いる,動詞,非自立,,,一段,基本形,いる,イル,イル
46691_27707.html,9,14,の,名詞,非自立,一般,,,,の,ノ,ノ
46691_27707.html,9,15,か,助詞,副助詞／並立助詞／終助詞,,,,,か,カ,カ
46691_27707.html,9,16,わから,動詞,自立,,,五段・ラ行,未然形,わかる,ワカラ,ワカラ
46691_27707.html,9,17,ない,助動詞,,,,特殊・ナイ,基本形,ない,ナイ,ナイ
46691_27707.html,9,18,し,助詞,接続助詞,,,,,し,シ,シ
46691_27707.html,9,19,、,記号,読点,,,,,、,、,、
46691_27707.html,9,20,プラットフォーム,名詞,一般,,,,,プラットフォーム,プラットフォーム,プラットフォーム
46691_27707.html,9,21,らしい,助動詞,,,,形容詞・イ段,基本形,らしい,ラシイ,ラシイ
46691_27707.html,9,22,もの,名詞,非自立,一般,,,,もの,モノ,モノ
46691_27707.html,9,23,も,助詞,係助詞,,,,,も,モ,モ
46691_27707.html,9,24,ない,形容詞,自立,,,形容詞・アウオ段,基本形,ない,ナイ,ナイ
46691_27707.html,9,25,ので,助詞,接続助詞,,,,,ので,ノデ,ノデ
46691_27707.html,9,26,、,記号,読点,,,,,、,、,、
46691_27707.html,9,27,間違っ,動詞,自立,,,五段・ワ行促音便,連用タ接続,間違う,マチガッ,マチガッ
46691_27707.html,9,28,た,助動詞,,,,特殊・タ,基本形,た,タ,タ
46691_27707.html,9,29,の,名詞,非自立,一般,,,,の,ノ,ノ
46691_27707.html,9,30,か,助詞,副助詞／並立助詞／終助詞,,,,,か,カ,カ
46691_27707.html,9,31,な,助詞,終助詞,,,,,な,ナ,ナ
46691_27707.html,9,32,と,助詞,格助詞,引用,,,,と,ト,ト
46691_27707.html,9,33,思っ,動詞,自立,,,五段・ワ行促音便,連用タ接続,思う,オモッ,オモッ
46691_27707.html,9,34,て,助詞,接続助詞,,,,,て,テ,テ
46691_27707.html,9,35,又,副詞,助詞類接続,,,,,又,マタ,マタ
46691_27707.html,9,36,石段,名詞,一般,,,,,石段,イシダン,イシダン
46691_27707.html,9,37,を,助詞,格助詞,一般,,,,を,ヲ,ヲ
46691_27707.html,9,38,上っ,動詞,自立,,,五段・ラ行,連用タ接続,上る,ノボッ,ノボッ
46691_27707.html,9,39,て,助詞,接続助詞,,,,,て,テ,テ
46691_27707.html,9,40,見る,動詞,自立,,,一段,基本形,見る,ミル,ミル
46691_27707.html,9,41,と,助詞,接続助詞,,,,,と,ト,ト
46691_27707.html,9,42,、,記号,読点,,,,,、,、,、
46691_27707.html,9,43,丸,接頭詞,名詞接続,,,,,丸,マル,マル
46691_27707.html,9,44,キリ,名詞,一般,,,,,キリ,キリ,キリ
46691_27707.html,9,45,知ら,動詞,自立,,,五段・ラ行,未然形,知る,シラ,シラ
46691_27707.html,9,46,ない,助動詞,,,,特殊・ナイ,基本形,ない,ナイ,ナイ
46691_27707.html,9,47,繁華,名詞,形容動詞語幹,,,,,繁華,ハンカ,ハンカ
46691_27707.html,9,48,な,助動詞,,,,特殊・ダ,体言接続,だ,ナ,ナ
46691_27707.html,9,49,町,名詞,一般,,,,,町,マチ,マチ
46691_27707.html,9,50,で,助動詞,,,,特殊・ダ,連用形,だ,デ,デ
46691_27707.html,9,51,ある,助動詞,,,,五段・ラ行アル,基本形,ある,アル,アル
46691_27707.html,9,52,。,記号,句点,,,,,。,。,。
46691_27707.html,10,1,そんなに,副詞,一般,,,,,そんなに,ソンナニ,ソンナニ
46691_27707.html,10,2,遠く,名詞,副詞可能,,,,,遠く,トオク,トーク
46691_27707.html,10,3,へ,助詞,格助詞,一般,,,,へ,ヘ,エ
46691_27707.html,10,4,歩い,動詞,自立,,,五段・カ行イ音便,連用タ接続,歩く,アルイ,アルイ
46691_27707.html,10,5,た,助動詞,,,,特殊・タ,基本形,た,タ,タ
46691_27707.html,10,6,おぼえ,名詞,一般,,,,,おぼえ,オボエ,オボエ
46691_27707.html,10,7,は,助詞,係助詞,,,,,は,ハ,ワ
46691_27707.html,10,8,ない,形容詞,自立,,,形容詞・アウオ段,基本形,ない,ナイ,ナイ
46691_27707.html,10,9,が,助詞,接続助詞,,,,,が,ガ,ガ
46691_27707.html,10,10,…,記号,一般,,,,,…,…,…
46691_27707.html,10,11,…,記号,一般,,,,,…,…,…
46691_27707.html,10,12,と,助詞,格助詞,引用,,,,と,ト,ト
46691_27707.html,10,13,不思議,名詞,形容動詞語幹,,,,,不思議,フシギ,フシギ
46691_27707.html,10,14,に,助詞,副詞化,,,,,に,ニ,ニ
46691_27707.html,10,15,思い思い,副詞,一般,,,,,思い思い,オモイオモイ,オモイオモイ
46691_27707.html,10,16,モト,名詞,固有名詞,人名,名,,,モト,モト,モト
46691_27707.html,10,17,の,助詞,連体化,,,,,の,ノ,ノ
46691_27707.html,10,18,階段,名詞,一般,,,,,階段,カイダン,カイダン
46691_27707.html,10,19,を,助詞,格助詞,一般,,,,を,ヲ,ヲ
46691_27707.html,10,20,降り,動詞,自立,,,一段,連用形,降りる,オリ,オリ
46691_27707.html,10,21,て,助詞,接続助詞,,,,,て,テ,テ
46691_27707.html,10,22,、,記号,読点,,,,,、,、,、
46691_27707.html,10,23,反対,名詞,サ変接続,,,,,反対,ハンタイ,ハンタイ
46691_27707.html,10,24,側,名詞,接尾,一般,,,,側,ガワ,ガワ
46691_27707.html,10,25,の,助詞,連体化,,,,,の,ノ,ノ
46691_27707.html,10,26,階段,名詞,一般,,,,,階段,カイダン,カイダン
46691_27707.html,10,27,を,助詞,格助詞,一般,,,,を,ヲ,ヲ
46691_27707.html,10,28,昇る,動詞,自立,,,五段・ラ行,基本形,昇る,ノボル,ノボル
46691_27707.html,10,29,と,助詞,接続助詞,,,,,と,ト,ト
46691_27707.html,10,30,、,記号,読点,,,,,、,、,、
46691_27707.html,10,31,又も,副詞,一般,,,,,又も,マタモ,マタモ
46691_27707.html,10,32,素晴らしく,形容詞,自立,,,形容詞・イ段,連用テ接続,素晴らしい,スバラシク,スバラシク
46691_27707.html,10,33,巨大,名詞,形容動詞語幹,,,,,巨大,キョダイ,キョダイ
46691_27707.html,10,34,な,助動詞,,,,特殊・ダ,体言接続,だ,ナ,ナ
46691_27707.html,10,35,、,記号,読点,,,,,、,、,、
46691_27707.html,10,36,知ら,動詞,自立,,,五段・ラ行,未然形,知る,シラ,シラ
46691_27707.html,10,37,ない,助動詞,,,,特殊・ナイ,基本形,ない,ナイ,ナイ
46691_27707.html,10,38,時計,名詞,一般,,,,,時計,トケイ,トケイ
46691_27707.html,10,39,店,名詞,接尾,一般,,,,店,テン,テン
46691_27707.html,10,40,の,助詞,連体化,,,,,の,ノ,ノ
46691_27707.html,10,41,前,名詞,副詞可能,,,,,前,マエ,マエ
46691_27707.html,10,42,に,助詞,格助詞,一般,,,,に,ニ,ニ
46691_27707.html,10,43,出,動詞,自立,,,一段,連用形,出る,デ,デ
46691_27707.html,10,44,た,助動詞,,,,特殊・タ,基本形,た,タ,タ
46691_27707.html,10,45,。,記号,句点,,,,,。,。,。
46691_27707.html,11,1,上野,名詞,固有名詞,人名,姓,,,上野,ウエノ,ウエノ
46691_27707.html,11,2,の,助詞,連体化,,,,,の,ノ,ノ
46691_27707.html,11,3,広小路,名詞,一般,,,,,広小路,ヒロコウジ,ヒロコージ
46691_27707.html,11,4,じゃ,助詞,副助詞,,,,,じゃ,ジャ,ジャ
46691_27707.html,11,5,ない,助動詞,,,,特殊・ナイ,基本形,ない,ナイ,ナイ
46691_27707.html,11,6,か,助詞,副助詞／並立助詞／終助詞,,,,,か,カ,カ
46691_27707.html,11,7,知ら,動詞,自立,,,五段・ラ行,未然形,知る,シラ,シラ
46691_27707.html,11,8,ん,助動詞,,,,不変化型,基本形,ん,ン,ン
46691_27707.html,11,9,と,助詞,格助詞,引用,,,,と,ト,ト
46691_27707.html,11,10,思い,動詞,自立,,,五段・ワ行促音便,連用形,思う,オモイ,オモイ
46691_27707.html,11,11,迷っ,動詞,自立,,,五段・ワ行促音便,連用タ接続,迷う,マヨッ,マヨッ
46691_27707.html,11,12,て,助詞,接続助詞,,,,,て,テ,テ
46691_27707.html,11,13,キョロキョロ,名詞,副詞可能,,,,,キョロキョロ,キョロキョロ,キョロキョロ
46691_27707.html,11,14,し,動詞,自立,,,サ変・スル,連用形,する,シ,シ
46691_27707.html,11,15,て,助詞,接続助詞,,,,,て,テ,テ
46691_27707.html,11,16,い,動詞,非自立,,,一段,連用形,いる,イ,イ
46691_27707.html,11,17,た,助動詞,,,,特殊・タ,基本形,た,タ,タ
46691_27707.html,11,18,が,助詞,接続助詞,,,,,が,ガ,ガ
46691_27707.html,11,19,、,記号,読点,,,,,、,、,、
46691_27707.html,11,20,そう,副詞,助詞類接続,,,,,そう,ソウ,ソー
46691_27707.html,11,21,で,助動詞,,,,特殊・ダ,連用形,だ,デ,デ
46691_27707.html,11,22,も,助詞,係助詞,,,,,も,モ,モ
46691_27707.html,11,23,ない,形容詞,自立,,,形容詞・アウオ段,基本形,ない,ナイ,ナイ
46691_27707.html,11,24,よう,名詞,非自立,助動詞語幹,,,,よう,ヨウ,ヨー
46691_27707.html,11,25,で,助動詞,,,,特殊・ダ,連用形,だ,デ,デ
46691_27707.html,11,26,ある,助動詞,,,,五段・ラ行アル,基本形,ある,アル,アル
46691_27707.html,11,27,。,記号,句点,,,,,。,。,。
46691_27707.html,12,1,…,記号,一般,,,,,…,…,…
46691_27707.html,12,2,…,記号,一般,,,,,…,…,…
46691_27707.html,12,3,とにかく,副詞,一般,,,,,とにかく,トニカク,トニカク
46691_27707.html,12,4,今,名詞,副詞可能,,,,,今,イマ,イマ
46691_27707.html,12,5,一,名詞,数,,,,,一,イチ,イチ
46691_27707.html,12,6,度,名詞,接尾,助数詞,,,,度,ド,ド
46691_27707.html,12,7,モト,名詞,固有名詞,人名,名,,,モト,モト,モト
46691_27707.html,12,8,の,助詞,連体化,,,,,の,ノ,ノ
46691_27707.html,12,9,処,名詞,サ変接続,,,,,処,ショ,ショ
46691_27707.html,12,10,へ,助詞,格助詞,一般,,,,へ,ヘ,エ
46691_27707.html,12,11,帰ら,動詞,自立,,,五段・ラ行,未然形,帰る,カエラ,カエラ
46691_27707.html,12,12,なけれ,助動詞,,,,特殊・ナイ,仮定形,ない,ナケレ,ナケレ
46691_27707.html,12,13,ば,助詞,接続助詞,,,,,ば,バ,バ
46691_27707.html,12,14,と,助詞,格助詞,引用,,,,と,ト,ト
46691_27707.html,12,15,思い思い,副詞,一般,,,,,思い思い,オモイオモイ,オモイオモイ
46691_27707.html,12,16,、,記号,読点,,,,,、,、,、
46691_27707.html,12,17,タッタ,名詞,一般,,,,,タッタ,タッタ,タッタ
46691_27707.html,12,18,今,名詞,副詞可能,,,,,今,イマ,イマ
46691_27707.html,12,19,見,動詞,自立,,,一段,連用形,見る,ミ,ミ
46691_27707.html,12,20,て,助詞,接続助詞,,,,,て,テ,テ
46691_27707.html,12,21,来,動詞,非自立,,,カ変・来ル,連用形,来る,キ,キ
46691_27707.html,12,22,た,助動詞,,,,特殊・タ,基本形,た,タ,タ
46691_27707.html,12,23,店,名詞,一般,,,,,店,ミセ,ミセ
46691_27707.html,12,24,の,助詞,連体化,,,,,の,ノ,ノ
46691_27707.html,12,25,順序,名詞,一般,,,,,順序,ジュンジョ,ジュンジョ
46691_27707.html,12,26,を,助詞,格助詞,一般,,,,を,ヲ,ヲ
46691_27707.html,12,27,タヨリ,名詞,一般,,,,,タヨリ,タヨリ,タヨリ
46691_27707.html,12,28,に,助詞,格助詞,一般,,,,に,ニ,ニ
46691_27707.html,12,29,最初,名詞,一般,,,,,最初,サイショ,サイショ
46691_27707.html,12,30,に,助詞,格助詞,一般,,,,に,ニ,ニ
46691_27707.html,12,31,降り,動詞,自立,,,一段,連用形,降りる,オリ,オリ
46691_27707.html,12,32,た,助動詞,,,,特殊・タ,基本形,た,タ,タ
46691_27707.html,12,33,階段,名詞,一般,,,,,階段,カイダン,カイダン
46691_27707.html,12,34,を,助詞,格助詞,一般,,,,を,ヲ,ヲ
46691_27707.html,12,35,上っ,動詞,自立,,,五段・ラ行,連用タ接続,上る,ノボッ,ノボッ
46691_27707.html,12,36,て,助詞,接続助詞,,,,,て,テ,テ
46691_27707.html,12,37,みる,動詞,非自立,,,一段,基本形,みる,ミル,ミル
46691_27707.html,12,38,と,助詞,接続助詞,,,,,と,ト,ト
46691_27707.html,12,39,ヤット,名詞,一般,,,,,ヤット,ヤット,ヤット
46691_27707.html,12,40,わかっ,動詞,自立,,,五段・ラ行,連用タ接続,わかる,ワカッ,ワカッ
46691_27707.html,12,41,た,助動詞,,,,特殊・タ,基本形,た,タ,タ
46691_27707.html,12,42,。,記号,句点,,,,,。,。,。
46691_27707.html,13,1,三つ,名詞,一般,,,,,三つ,ミッツ,ミッツ
46691_27707.html,13,2,の,助詞,連体化,,,,,の,ノ,ノ
46691_27707.html,13,3,町,名詞,一般,,,,,町,マチ,マチ
46691_27707.html,13,4,は,助詞,係助詞,,,,,は,ハ,ワ
46691_27707.html,13,5,三つ,名詞,一般,,,,,三つ,ミッツ,ミッツ
46691_27707.html,13,6,とも,助詞,副助詞,,,,,とも,トモ,トモ
46691_27707.html,13,7,銀座,名詞,固有名詞,地域,一般,,,銀座,ギンザ,ギンザ
46691_27707.html,13,8,尾張,名詞,固有名詞,地域,一般,,,尾張,オワリ,オワリ
46691_27707.html,13,9,町,名詞,接尾,地域,,,,町,マチ,マチ
46691_27707.html,13,10,な,助動詞,,,,特殊・ダ,体言接続,だ,ナ,ナ
46691_27707.html,13,11,ので,助詞,接続助詞,,,,,ので,ノデ,ノデ
46691_27707.html,13,12,、,記号,読点,,,,,、,、,、
46691_27707.html,13,13,入口,名詞,一般,,,,,入口,イリクチ,イリクチ
46691_27707.html,13,14,が,助詞,格助詞,一般,,,,が,ガ,ガ
46691_27707.html,13,15,四,名詞,数,,,,,四,ヨン,ヨン
46691_27707.html,13,16,ツ,名詞,一般,,,,,ツ,ツ,ツ
46691_27707.html,13,17,在る,動詞,自立,,,五段・ラ行,基本形,在る,アル,アル
46691_27707.html,13,18,の,名詞,非自立,一般,,,,の,ノ,ノ
46691_27707.html,13,19,を,助詞,格助詞,一般,,,,を,ヲ,ヲ
46691_27707.html,13,20,知ら,動詞,自立,,,五段・ラ行,未然形,知る,シラ,シラ
46691_27707.html,13,21,ず,助動詞,,,,特殊・ヌ,連用ニ接続,ぬ,ズ,ズ
46691_27707.html,13,22,に,助詞,格助詞,一般,,,,に,ニ,ニ
46691_27707.html,13,23,、,記号,読点,,,,,、,、,、
46691_27707.html,13,24,同じ,名詞,形容動詞語幹,,,,,同じ,オナジ,オナジ
46691_27707.html,13,25,四辻,名詞,一般,,,,,四辻,ヨツツジ,ヨツツジ
46691_27707.html,13,26,を,助詞,格助詞,一般,,,,を,ヲ,ヲ
46691_27707.html,13,27,別々,名詞,形容動詞語幹,,,,,別々,ベツベツ,ベツベツ
46691_27707.html,13,28,の,助詞,連体化,,,,,の,ノ,ノ
46691_27707.html,13,29,方向,名詞,一般,,,,,方向,ホウコウ,ホーコー
46691_27707.html,13,30,から,助詞,格助詞,一般,,,,から,カラ,カラ
46691_27707.html,13,31,眺め,動詞,自立,,,一段,連用形,眺める,ナガメ,ナガメ
46691_27707.html,13,32,た,助動詞,,,,特殊・タ,基本形,た,タ,タ
46691_27707.html,13,33,から,助詞,接続助詞,,,,,から,カラ,カラ
46691_27707.html,13,34,町,名詞,一般,,,,,町,マチ,マチ
46691_27707.html,13,35,の,助詞,連体化,,,,,の,ノ,ノ
46691_27707.html,13,36,感じ,名詞,一般,,,,,感じ,カンジ,カンジ
46691_27707.html,13,37,が,助詞,格助詞,一般,,,,が,ガ,ガ
46691_27707.html,13,38,違っ,動詞,自立,,,五段・ワ行促音便,連用タ接続,違う,チガッ,チガッ
46691_27707.html,13,39,た,助動詞,,,,特殊・タ,基本形,た,タ,タ
46691_27707.html,13,40,の,名詞,非自立,一般,,,,の,ノ,ノ
46691_27707.html,13,41,だ,助動詞,,,,特殊・ダ,基本形,だ,ダ,ダ
46691_27707.html,13,42,。,記号,句点,,,,,。,。,。
46691_27707.html,14,1,同時に,副詞,一般,,,,,同時に,ドウジニ,ドージニ
46691_27707.html,14,2,、,記号,読点,,,,,、,、,、
46691_27707.html,14,3,ホント,名詞,形容動詞語幹,,,,,ホント,ホント,ホント
46691_27707.html,14,4,の,助詞,連体化,,,,,の,ノ,ノ
46691_27707.html,14,5,地下鉄,名詞,一般,,,,,地下鉄,チカテツ,チカテツ
46691_27707.html,14,6,は,助詞,係助詞,,,,,は,ハ,ワ
46691_27707.html,14,7,モウ,名詞,一般,,,,,モウ,モウ,モウ
46691_27707.html,14,8,一,名詞,数,,,,,一,イチ,イチ
46691_27707.html,14,9,階,名詞,接尾,助数詞,,,,階,カイ,カイ
46691_27707.html,14,10,下,名詞,接尾,一般,,,,下,カ,カ
46691_27707.html,14,11,に,助詞,格助詞,一般,,,,に,ニ,ニ
46691_27707.html,14,12,在る,動詞,自立,,,五段・ラ行,基本形,在る,アル,アル
46691_27707.html,14,13,事,名詞,非自立,一般,,,,事,コト,コト
46691_27707.html,14,14,も,助詞,係助詞,,,,,も,モ,モ
46691_27707.html,14,15,、,記号,読点,,,,,、,、,、
46691_27707.html,14,16,音響,名詞,一般,,,,,音響,オンキョウ,オンキョー
46691_27707.html,14,17,の,助詞,連体化,,,,,の,ノ,ノ
46691_27707.html,14,18,工合,名詞,一般,,,,,工合,グアイ,グアイ
46691_27707.html,14,19,で,助詞,格助詞,一般,,,,で,デ,デ
46691_27707.html,14,20,わかっ,動詞,自立,,,五段・ラ行,連用タ接続,わかる,ワカッ,ワカッ
46691_27707.html,14,21,た,助動詞,,,,特殊・タ,基本形,た,タ,タ
46691_27707.html,14,22,ので,助詞,接続助詞,,,,,ので,ノデ,ノデ
46691_27707.html,14,23,…,記号,一般,,,,,…,…,…
46691_27707.html,14,24,…,記号,一般,,,,,…,…,…
46691_27707.html,14,25,ナアンダイ,名詞,一般,,,,,ナアンダイ,ナアンダイ,ナアンダイ
46691_27707.html,14,26,…,記号,一般,,,,,…,…,…
46691_27707.html,14,27,…,記号,一般,,,,,…,…,…
46691_27707.html,14,28,と,助詞,格助詞,引用,,,,と,ト,ト
46691_27707.html,14,29,思っ,動詞,自立,,,五段・ワ行促音便,連用タ接続,思う,オモッ,オモッ
46691_27707.html,14,30,た,助動詞,,,,特殊・タ,基本形,た,タ,タ
46691_27707.html,14,31,が,助詞,接続助詞,,,,,が,ガ,ガ
46691_27707.html,14,32,、,記号,読点,,,,,、,、,、
46691_27707.html,14,33,しかし,接続詞,,,,,,しかし,シカシ,シカシ
46691_27707.html,14,34,何となく,副詞,一般,,,,,何となく,ナントナク,ナントナク
46691_27707.html,14,35,心細く,形容詞,自立,,,形容詞・アウオ段,連用テ接続,心細い,ココロボソク,ココロボソク
46691_27707.html,14,36,なっ,動詞,自立,,,五段・ラ行,連用タ接続,なる,ナッ,ナッ
46691_27707.html,14,37,た,助動詞,,,,特殊・タ,基本形,た,タ,タ
46691_27707.html,14,38,ので,助詞,接続助詞,,,,,ので,ノデ,ノデ
46691_27707.html,14,39,、,記号,読点,,,,,、,、,、
46691_27707.html,14,40,その,連体詞,,,,,,その,ソノ,ソノ
46691_27707.html,14,41,まま,名詞,非自立,副詞可能,,,,まま,ママ,ママ
46691_27707.html,14,42,宿,名詞,一般,,,,,宿,ヤド,ヤド
46691_27707.html,14,43,へ,助詞,格助詞,一般,,,,へ,ヘ,エ
46691_27707.html,14,44,帰っ,動詞,自立,,,五段・ラ行,連用タ接続,帰る,カエッ,カエッ
46691_27707.html,14,45,て,助詞,接続助詞,,,,,て,テ,テ
46691_27707.html,14,46,しまっ,動詞,非自立,,,五段・ワ行促音便,連用タ接続,しまう,シマッ,シマッ
46691_27707.html,14,47,た,助動詞,,,,特殊・タ,基本形,た,タ,タ
46691_27707.html,14,48,。,記号,句点,,,,,。,。,。
46691_27707.html,15,1,山の手線,名詞,一般,,,,,山の手線,ヤマノテセン,ヤマノテセン
46691_27707.html,15,2,電車,名詞,一般,,,,,電車,デンシャ,デンシャ
46691_27707.html,15,3,が,助詞,格助詞,一般,,,,が,ガ,ガ
46691_27707.html,15,4,田町,名詞,固有名詞,人名,姓,,,田町,タマチ,タマチ
46691_27707.html,15,5,に,助詞,格助詞,一般,,,,に,ニ,ニ
46691_27707.html,15,6,停,動詞,自立,,,五段・ラ行,体言接続特殊２,停る,トマ,トマ
46691_27707.html,15,7,まっ,動詞,自立,,,五段・タ行,連用タ接続,まつ,マッ,マッ
46691_27707.html,15,8,たら,助動詞,,,,特殊・タ,仮定形,た,タラ,タラ
46691_27707.html,15,9,、,記号,読点,,,,,、,、,、
46691_27707.html,15,10,降り,動詞,自立,,,一段,連用形,降りる,オリ,オリ
46691_27707.html,15,11,た,助動詞,,,,特殊・タ,基本形,た,タ,タ
46691_27707.html,15,12,人,名詞,一般,,,,,人,ヒト,ヒト
46691_27707.html,15,13,が,助詞,格助詞,一般,,,,が,ガ,ガ
46691_27707.html,15,14,入口,名詞,一般,,,,,入口,イリクチ,イリクチ
46691_27707.html,15,15,を,助詞,格助詞,一般,,,,を,ヲ,ヲ
46691_27707.html,15,16,開け放し,動詞,自立,,,五段・サ行,連用形,開け放す,アケハナシ,アケハナシ
46691_27707.html,15,17,に,助詞,格助詞,一般,,,,に,ニ,ニ
46691_27707.html,15,18,し,動詞,自立,,,サ変・スル,連用形,する,シ,シ
46691_27707.html,15,19,て,助詞,接続助詞,,,,,て,テ,テ
46691_27707.html,15,20,行っ,動詞,非自立,,,五段・カ行促音便,連用タ接続,行く,イッ,イッ
46691_27707.html,15,21,て,助詞,接続助詞,,,,,て,テ,テ
46691_27707.html,15,22,寒く,形容詞,自立,,,形容詞・アウオ段,連用テ接続,寒い,サムク,サムク
46691_27707.html,15,23,て,助詞,接続助詞,,,,,て,テ,テ
46691_27707.html,15,24,しようが,名詞,ナイ形容詞語幹,,,,,しようが,シヨウガ,ショーガ
46691_27707.html,15,25,ない,助動詞,,,,特殊・ナイ,基本形,ない,ナイ,ナイ
46691_27707.html,15,26,ので,助詞,接続助詞,,,,,ので,ノデ,ノデ
46691_27707.html,15,27,、,記号,読点,,,,,、,、,、
46691_27707.html,15,28,入口,名詞,一般,,,,,入口,イリクチ,イリクチ
46691_27707.html,15,29,を,助詞,格助詞,一般,,,,を,ヲ,ヲ
46691_27707.html,15,30,閉めよ,動詞,自立,,,一段,未然ウ接続,閉める,シメヨ,シメヨ
46691_27707.html,15,31,う,助動詞,,,,不変化型,基本形,う,ウ,ウ
46691_27707.html,15,32,と,助詞,格助詞,引用,,,,と,ト,ト
46691_27707.html,15,33,し,動詞,自立,,,サ変・スル,連用形,する,シ,シ
46691_27707.html,15,34,た,助動詞,,,,特殊・タ,基本形,た,タ,タ
46691_27707.html,15,35,が,助詞,接続助詞,,,,,が,ガ,ガ
46691_27707.html,15,36,ナカ,名詞,固有名詞,一般,,,,ナカ,ナカ,ナカ
46691_27707.html,15,37,ナカ,名詞,固有名詞,一般,,,,ナカ,ナカ,ナカ
46691_27707.html,15,38,閉まら,動詞,自立,,,五段・ラ行,未然形,閉まる,シマラ,シマラ
46691_27707.html,15,39,ない,助動詞,,,,特殊・ナイ,基本形,ない,ナイ,ナイ
46691_27707.html,15,40,。,記号,句点,,,,,。,。,。
46691_27707.html,16,1,直ぐ,副詞,一般,,,,,直ぐ,スグ,スグ
46691_27707.html,16,2,傍,名詞,一般,,,,,傍,ハタ,ハタ
46691_27707.html,16,3,に,助詞,格助詞,一般,,,,に,ニ,ニ
46691_27707.html,16,4,立っ,動詞,自立,,,五段・タ行,連用タ接続,立つ,タッ,タッ
46691_27707.html,16,5,て,助詞,接続助詞,,,,,て,テ,テ
46691_27707.html,16,6,いる,動詞,非自立,,,一段,基本形,いる,イル,イル
46691_27707.html,16,7,喜多,名詞,固有名詞,人名,姓,,,喜多,キタ,キタ
46691_27707.html,16,8,実,名詞,固有名詞,人名,名,,,実,ミノル,ミノル
46691_27707.html,16,9,君,名詞,接尾,人名,,,,君,クン,クン
46691_27707.html,16,10,と,助詞,並立助詞,,,,,と,ト,ト
46691_27707.html,16,11,坂元雪鳥,名詞,固有名詞,人名,一般,,,坂元雪鳥,サカモトセッチョウ,サカモトセッチョー
46691_27707.html,16,12,君,名詞,接尾,人名,,,,君,クン,クン
46691_27707.html,16,13,と,助詞,格助詞,一般,,,,と,ト,ト
46691_27707.html,16,14,で,助動詞,,,,特殊・ダ,連用形,だ,デ,デ
46691_27707.html,16,15,あっ,助動詞,,,,五段・ラ行アル,連用タ接続,ある,アッ,アッ
46691_27707.html,16,16,た,助動詞,,,,特殊・タ,基本形,た,タ,タ
46691_27707.html,16,17,か,助詞,副助詞／並立助詞／終助詞,,,,,か,カ,カ
46691_27707.html,16,18,が,助詞,格助詞,一般,,,,が,ガ,ガ
46691_27707.html,16,19,腹,名詞,一般,,,,,腹,ハラ,ハラ
46691_27707.html,16,20,を,助詞,格助詞,一般,,,,を,ヲ,ヲ
46691_27707.html,16,21,抱え,動詞,自立,,,一段,連用形,抱える,カカエ,カカエ
46691_27707.html,16,22,て,助詞,接続助詞,,,,,て,テ,テ
46691_27707.html,16,23,笑っ,動詞,自立,,,五段・ワ行促音便,連用タ接続,笑う,ワラッ,ワラッ
46691_27707.html,16,24,て,助詞,接続助詞,,,,,て,テ,テ
46691_27707.html,16,25,いる,動詞,非自立,,,一段,基本形,いる,イル,イル
46691_27707.html,16,26,。,記号,句点,,,,,。,。,。
46691_27707.html,17,1,理由,名詞,一般,,,,,理由,リユウ,リユー
46691_27707.html,17,2,が,助詞,格助詞,一般,,,,が,ガ,ガ
46691_27707.html,17,3,わから,動詞,自立,,,五段・ラ行,未然形,わかる,ワカラ,ワカラ
46691_27707.html,17,4,ず,助動詞,,,,特殊・ヌ,連用ニ接続,ぬ,ズ,ズ
46691_27707.html,17,5,マゴマゴ,名詞,一般,,,,,マゴマゴ,マゴマゴ,マゴマゴ
46691_27707.html,17,6,し,動詞,自立,,,サ変・スル,連用形,する,シ,シ
46691_27707.html,17,7,て,助詞,接続助詞,,,,,て,テ,テ
46691_27707.html,17,8,いる,動詞,非自立,,,一段,基本形,いる,イル,イル
46691_27707.html,17,9,うち,名詞,非自立,副詞可能,,,,うち,ウチ,ウチ
46691_27707.html,17,10,に,助詞,格助詞,一般,,,,に,ニ,ニ
46691_27707.html,17,11,、,記号,読点,,,,,、,、,、
46691_27707.html,17,12,自動,名詞,一般,,,,,自動,ジドウ,ジドー
46691_27707.html,17,13,開閉,名詞,サ変接続,,,,,開閉,カイヘイ,カイヘイ
46691_27707.html,17,14,器,名詞,接尾,一般,,,,器,キ,キ
46691_27707.html,17,15,で,助詞,格助詞,一般,,,,で,デ,デ
46691_27707.html,17,16,閉まっ,動詞,自立,,,五段・ラ行,連用タ接続,閉まる,シマッ,シマッ
46691_27707.html,17,17,て,助詞,接続助詞,,,,,て,テ,テ
46691_27707.html,17,18,来,動詞,非自立,,,カ変・来ル,連用形,来る,キ,キ
46691_27707.html,17,19,た,助動詞,,,,特殊・タ,基本形,た,タ,タ
46691_27707.html,17,20,扉,名詞,一般,,,,,扉,トビラ,トビラ
46691_27707.html,17,21,に,助詞,格助詞,一般,,,,に,ニ,ニ
46691_27707.html,17,22,突き飛ばさ,動詞,自立,,,五段・サ行,未然形,突き飛ばす,ツキトバサ,ツキトバサ
46691_27707.html,17,23,れ,動詞,接尾,,,一段,連用形,れる,レ,レ
46691_27707.html,17,24,かけ,動詞,非自立,,,一段,連用形,かける,カケ,カケ
46691_27707.html,17,25,た,助動詞,,,,特殊・タ,基本形,た,タ,タ
46691_27707.html,17,26,。,記号,句点,,,,,。,。,。
46691_27707.html,18,1,この,連体詞,,,,,,この,コノ,コノ
46691_27707.html,18,2,恨み,名詞,一般,,,,,恨み,ウラミ,ウラミ
46691_27707.html,18,3,は,助詞,係助詞,,,,,は,ハ,ワ
46691_27707.html,18,4,終生,名詞,副詞可能,,,,,終生,シュウセイ,シューセイ
46691_27707.html,18,5,忘れ,動詞,自立,,,一段,未然形,忘れる,ワスレ,ワスレ
46691_27707.html,18,6,まい,助動詞,,,,不変化型,基本形,まい,マイ,マイ
46691_27707.html,18,7,と,助詞,格助詞,引用,,,,と,ト,ト
46691_27707.html,18,8,心,名詞,一般,,,,,心,ココロ,ココロ
46691_27707.html,18,9,に,助詞,格助詞,一般,,,,に,ニ,ニ
46691_27707.html,18,10,誓っ,動詞,自立,,,五段・ワ行促音便,連用タ接続,誓う,チカッ,チカッ
46691_27707.html,18,11,た,助動詞,,,,特殊・タ,基本形,た,タ,タ
46691_27707.html,18,12,。,記号,句点,,,,,。,。,。
46691_27707.html,19,1,銀座,名詞,固有名詞,地域,一般,,,銀座,ギンザ,ギンザ
46691_27707.html,19,2,の,助詞,連体化,,,,,の,ノ,ノ
46691_27707.html,19,3,夜店,名詞,一般,,,,,夜店,ヨミセ,ヨミセ
46691_27707.html,19,4,で,助詞,格助詞,一般,,,,で,デ,デ
46691_27707.html,19,5,机,名詞,一般,,,,,机,ツクエ,ツクエ
46691_27707.html,19,6,の,助詞,連体化,,,,,の,ノ,ノ
46691_27707.html,19,7,上,名詞,非自立,副詞可能,,,,上,ジョウ,ジョー
46691_27707.html,19,8,に,助詞,格助詞,一般,,,,に,ニ,ニ
46691_27707.html,19,9,ボール,名詞,一般,,,,,ボール,ボール,ボール
46691_27707.html,19,10,箱,名詞,接尾,一般,,,,箱,バコ,バコ
46691_27707.html,19,11,を,助詞,格助詞,一般,,,,を,ヲ,ヲ
46691_27707.html,19,12,二つ,名詞,一般,,,,,二つ,フタツ,フタツ
46691_27707.html,19,13,並べ,動詞,自立,,,一段,連用形,並べる,ナラベ,ナラベ
46691_27707.html,19,14,て,助詞,接続助詞,,,,,て,テ,テ
46691_27707.html,19,15,、,記号,読点,,,,,、,、,、
46691_27707.html,19,16,一方,接続詞,,,,,,一方,イッポウ,イッポー
46691_27707.html,19,17,から,助詞,格助詞,一般,,,,から,カラ,カラ
46691_27707.html,19,18,一方,接続詞,,,,,,一方,イッポウ,イッポー
46691_27707.html,19,19,へ,助詞,格助詞,一般,,,,へ,ヘ,エ
46691_27707.html,19,20,堅炭,名詞,一般,,,,,堅炭,カタズミ,カタズミ
46691_27707.html,19,21,を,助詞,格助詞,一般,,,,を,ヲ,ヲ
46691_27707.html,19,22,鉄,名詞,一般,,,,,鉄,テツ,テツ
46691_27707.html,19,23,の,助詞,連体化,,,,,の,ノ,ノ
46691_27707.html,19,24,鋏,名詞,一般,,,,,鋏,ヤットコ,ヤットコ
46691_27707.html,19,25,で,助詞,格助詞,一般,,,,で,デ,デ
46691_27707.html,19,26,移し,動詞,自立,,,五段・サ行,連用形,移す,ウツシ,ウツシ
46691_27707.html,19,27,て,助詞,接続助詞,,,,,て,テ,テ
46691_27707.html,19,28,いる,動詞,非自立,,,一段,基本形,いる,イル,イル
46691_27707.html,19,29,。,記号,句点,,,,,。,。,。
46691_27707.html,20,1,一方,接続詞,,,,,,一方,イッポウ,イッポー
46691_27707.html,20,2,が,助詞,格助詞,一般,,,,が,ガ,ガ
46691_27707.html,20,3,空,名詞,一般,,,,,空,ソラ,ソラ
46691_27707.html,20,4,に,助詞,格助詞,一般,,,,に,ニ,ニ
46691_27707.html,20,5,なる,動詞,自立,,,五段・ラ行,基本形,なる,ナル,ナル
46691_27707.html,20,6,と,助詞,接続助詞,,,,,と,ト,ト
46691_27707.html,20,7,又,副詞,助詞類接続,,,,,又,マタ,マタ
46691_27707.html,20,8,一,名詞,数,,,,,一,イチ,イチ
46691_27707.html,20,9,パイ,名詞,一般,,,,,パイ,パイ,パイ
46691_27707.html,20,10,に,助詞,格助詞,一般,,,,に,ニ,ニ
46691_27707.html,20,11,なっ,動詞,自立,,,五段・ラ行,連用タ接続,なる,ナッ,ナッ
46691_27707.html,20,12,て,助詞,接続助詞,,,,,て,テ,テ
46691_27707.html,20,13,いる,動詞,非自立,,,一段,基本形,いる,イル,イル
46691_27707.html,20,14,ボール,名詞,一般,,,,,ボール,ボール,ボール
46691_27707.html,20,15,箱,名詞,接尾,一般,,,,箱,バコ,バコ
46691_27707.html,20,16,の,助詞,連体化,,,,,の,ノ,ノ
46691_27707.html,20,17,方,名詞,非自立,一般,,,,方,ホウ,ホー
46691_27707.html,20,18,から,助詞,格助詞,一般,,,,から,カラ,カラ
46691_27707.html,20,19,一つ,名詞,一般,,,,,一つ,ヒトツ,ヒトツ
46691_27707.html,20,20,一つ,名詞,一般,,,,,一つ,ヒトツ,ヒトツ
46691_27707.html,20,21,に,助詞,格助詞,一般,,,,に,ニ,ニ
46691_27707.html,20,22,炭,名詞,一般,,,,,炭,スミ,スミ
46691_27707.html,20,23,を,助詞,格助詞,一般,,,,を,ヲ,ヲ
46691_27707.html,20,24,挾ん,動詞,自立,,,五段・マ行,連用タ接続,挾む,ハサン,ハサン
46691_27707.html,20,25,で,助詞,接続助詞,,,,,で,デ,デ
46691_27707.html,20,26,空,名詞,一般,,,,,空,ソラ,ソラ
46691_27707.html,20,27,の,助詞,連体化,,,,,の,ノ,ノ
46691_27707.html,20,28,ボール,名詞,一般,,,,,ボール,ボール,ボール
46691_27707.html,20,29,箱,名詞,接尾,一般,,,,箱,バコ,バコ
46691_27707.html,20,30,へ,助詞,格助詞,一般,,,,へ,ヘ,エ
46691_27707.html,20,31,移し,動詞,自立,,,五段・サ行,連用形,移す,ウツシ,ウツシ
46691_27707.html,20,32,返し,動詞,自立,,,五段・サ行,連用形,返す,カエシ,カエシ
46691_27707.html,20,33,始める,動詞,非自立,,,一段,基本形,始める,ハジメル,ハジメル
46691_27707.html,20,34,。,記号,句点,,,,,。,。,。
46691_27707.html,21,1,それ,名詞,代名詞,一般,,,,それ,ソレ,ソレ
46691_27707.html,21,2,を,助詞,格助詞,一般,,,,を,ヲ,ヲ
46691_27707.html,21,3,何,名詞,数,,,,,何,ナン,ナン
46691_27707.html,21,4,度,名詞,接尾,助数詞,,,,度,ド,ド
46691_27707.html,21,5,も,助詞,係助詞,,,,,も,モ,モ
46691_27707.html,21,6,何,名詞,数,,,,,何,ナン,ナン
46691_27707.html,21,7,度,名詞,接尾,助数詞,,,,度,ド,ド
46691_27707.html,21,8,も,助詞,係助詞,,,,,も,モ,モ
46691_27707.html,21,9,繰り返し,動詞,自立,,,五段・サ行,連用形,繰り返す,クリカエシ,クリカエシ
46691_27707.html,21,10,て,助詞,接続助詞,,,,,て,テ,テ
46691_27707.html,21,11,いる,動詞,非自立,,,一段,基本形,いる,イル,イル
46691_27707.html,21,12,から,助詞,接続助詞,,,,,から,カラ,カラ
46691_27707.html,21,13,不思議,名詞,形容動詞語幹,,,,,不思議,フシギ,フシギ
46691_27707.html,21,14,に,助詞,副詞化,,,,,に,ニ,ニ
46691_27707.html,21,15,思っ,動詞,自立,,,五段・ワ行促音便,連用タ接続,思う,オモッ,オモッ
46691_27707.html,21,16,て,助詞,接続助詞,,,,,て,テ,テ
46691_27707.html,21,17,見,動詞,自立,,,一段,連用形,見る,ミ,ミ
46691_27707.html,21,18,て,助詞,接続助詞,,,,,て,テ,テ
46691_27707.html,21,19,い,動詞,非自立,,,一段,連用形,いる,イ,イ
46691_27707.html,21,20,た,助動詞,,,,特殊・タ,基本形,た,タ,タ
46691_27707.html,21,21,が,助詞,接続助詞,,,,,が,ガ,ガ
46691_27707.html,21,22,、,記号,読点,,,,,、,、,、
46691_27707.html,21,23,サッパリ,副詞,助詞類接続,,,,,サッパリ,サッパリ,サッパリ
46691_27707.html,21,24,理由,名詞,一般,,,,,理由,リユウ,リユー
46691_27707.html,21,25,が,助詞,格助詞,一般,,,,が,ガ,ガ
46691_27707.html,21,26,わから,動詞,自立,,,五段・ラ行,未然形,わかる,ワカラ,ワカラ
46691_27707.html,21,27,ない,助動詞,,,,特殊・ナイ,基本形,ない,ナイ,ナイ
46691_27707.html,21,28,。,記号,句点,,,,,。,。,。
46691_27707.html,22,1,二つ,名詞,一般,,,,,二つ,フタツ,フタツ
46691_27707.html,22,2,の,助詞,連体化,,,,,の,ノ,ノ
46691_27707.html,22,3,ボール,名詞,一般,,,,,ボール,ボール,ボール
46691_27707.html,22,4,箱,名詞,接尾,一般,,,,箱,バコ,バコ
46691_27707.html,22,5,の,助詞,連体化,,,,,の,ノ,ノ
46691_27707.html,22,6,左,名詞,一般,,,,,左,ヒダリ,ヒダリ
46691_27707.html,22,7,から,助詞,格助詞,一般,,,,から,カラ,カラ
46691_27707.html,22,8,右,名詞,一般,,,,,右,ミギ,ミギ
46691_27707.html,22,9,へ,助詞,格助詞,一般,,,,へ,ヘ,エ
46691_27707.html,22,10,、,記号,読点,,,,,、,、,、
46691_27707.html,22,11,右,名詞,一般,,,,,右,ミギ,ミギ
46691_27707.html,22,12,から,助詞,格助詞,一般,,,,から,カラ,カラ
46691_27707.html,22,13,左,名詞,一般,,,,,左,ヒダリ,ヒダリ
46691_27707.html,22,14,へ,助詞,格助詞,一般,,,,へ,ヘ,エ
46691_27707.html,22,15,と,助詞,格助詞,引用,,,,と,ト,ト
46691_27707.html,22,16,一つ,名詞,一般,,,,,一つ,ヒトツ,ヒトツ
46691_27707.html,22,17,一つ,名詞,一般,,,,,一つ,ヒトツ,ヒトツ
46691_27707.html,22,18,に,助詞,格助詞,一般,,,,に,ニ,ニ
46691_27707.html,22,19,炭,名詞,一般,,,,,炭,スミ,スミ
46691_27707.html,22,20,の,助詞,連体化,,,,,の,ノ,ノ
46691_27707.html,22,21,山,名詞,一般,,,,,山,ヤマ,ヤマ
46691_27707.html,22,22,を,助詞,格助詞,一般,,,,を,ヲ,ヲ
46691_27707.html,22,23,積み,動詞,自立,,,五段・マ行,連用形,積む,ツミ,ツミ
46691_27707.html,22,24,返し,動詞,非自立,,,五段・サ行,連用形,返す,ガエシ,ガエシ
46691_27707.html,22,25,積み,動詞,自立,,,五段・マ行,連用形,積む,ツミ,ツミ
46691_27707.html,22,26,返し,動詞,非自立,,,五段・サ行,連用形,返す,ガエシ,ガエシ
46691_27707.html,22,27,て,助詞,接続助詞,,,,,て,テ,テ
46691_27707.html,22,28,、,記号,読点,,,,,、,、,、
46691_27707.html,22,29,夜通し,副詞,一般,,,,,夜通し,ヨドオシ,ヨドオシ
46691_27707.html,22,30,でも,助詞,副助詞,,,,,でも,デモ,デモ
46691_27707.html,22,31,繰り返し,動詞,自立,,,五段・サ行,連用形,繰り返す,クリカエシ,クリカエシ
46691_27707.html,22,32,かね,動詞,非自立,,,一段,未然形,かねる,カネ,カネ
46691_27707.html,22,33,ない,助動詞,,,,特殊・ナイ,基本形,ない,ナイ,ナイ
46691_27707.html,22,34,くらい,助詞,副助詞,,,,,くらい,クライ,クライ
46691_27707.html,22,35,。,記号,句点,,,,,。,。,。
46691_27707.html,23,1,やっ,動詞,自立,,,五段・ラ行,連用タ接続,やる,ヤッ,ヤッ
46691_27707.html,23,2,て,助詞,接続助詞,,,,,て,テ,テ
46691_27707.html,23,3,いる,動詞,非自立,,,一段,基本形,いる,イル,イル
46691_27707.html,23,4,本人,名詞,一般,,,,,本人,ホンニン,ホンニン
46691_27707.html,23,5,は,助詞,係助詞,,,,,は,ハ,ワ
46691_27707.html,23,6,落ち着き払っ,動詞,自立,,,五段・ワ行促音便,連用タ接続,落ち着き払う,オチツキハラッ,オチツキハラッ
46691_27707.html,23,7,て,助詞,接続助詞,,,,,て,テ,テ
46691_27707.html,23,8,いる,動詞,非自立,,,一段,基本形,いる,イル,イル
46691_27707.html,23,9,。,記号,句点,,,,,。,。,。
46691_27707.html,24,1,それ,名詞,代名詞,一般,,,,それ,ソレ,ソレ
46691_27707.html,24,2,を,助詞,格助詞,一般,,,,を,ヲ,ヲ
46691_27707.html,24,3,又,接続詞,,,,,,又,マタ,マタ
46691_27707.html,24,4,、,記号,読点,,,,,、,、,、
46691_27707.html,24,5,大勢,名詞,一般,,,,,大勢,オオゼイ,オーゼイ
46691_27707.html,24,6,の,助詞,連体化,,,,,の,ノ,ノ
46691_27707.html,24,7,人,名詞,一般,,,,,人,ヒト,ヒト
46691_27707.html,24,8,が,助詞,格助詞,一般,,,,が,ガ,ガ
46691_27707.html,24,9,立っ,動詞,自立,,,五段・タ行,連用タ接続,立つ,タッ,タッ
46691_27707.html,24,10,て,助詞,接続助詞,,,,,て,テ,テ
46691_27707.html,24,11,見,動詞,自立,,,一段,連用形,見る,ミ,ミ
46691_27707.html,24,12,て,助詞,接続助詞,,,,,て,テ,テ
46691_27707.html,24,13,いる,動詞,非自立,,,一段,基本形,いる,イル,イル
46691_27707.html,24,14,から,助詞,接続助詞,,,,,から,カラ,カラ
46691_27707.html,24,15,おかしい,形容詞,自立,,,形容詞・イ段,基本形,おかしい,オカシイ,オカシイ
46691_27707.html,24,16,。,記号,句点,,,,,。,。,。
46691_27707.html,25,1,今,名詞,副詞可能,,,,,今,イマ,イマ
46691_27707.html,25,2,に,助詞,格助詞,一般,,,,に,ニ,ニ
46691_27707.html,25,3,理由,名詞,一般,,,,,理由,リユウ,リユー
46691_27707.html,25,4,が,助詞,格助詞,一般,,,,が,ガ,ガ
46691_27707.html,25,5,わかる,動詞,自立,,,五段・ラ行,基本形,わかる,ワカル,ワカル
46691_27707.html,25,6,だろ,助動詞,,,,特殊・ダ,未然形,だ,ダロ,ダロ
46691_27707.html,25,7,う,助動詞,,,,不変化型,基本形,う,ウ,ウ
46691_27707.html,25,8,と,助詞,格助詞,引用,,,,と,ト,ト
46691_27707.html,25,9,思っ,動詞,自立,,,五段・ワ行促音便,連用タ接続,思う,オモッ,オモッ
46691_27707.html,25,10,て,助詞,接続助詞,,,,,て,テ,テ
46691_27707.html,25,11,一心に,副詞,一般,,,,,一心に,イッシンニ,イッシンニ
46691_27707.html,25,12,見,動詞,自立,,,一段,連用形,見る,ミ,ミ
46691_27707.html,25,13,て,助詞,接続助詞,,,,,て,テ,テ
46691_27707.html,25,14,い,動詞,非自立,,,一段,連用形,いる,イ,イ
46691_27707.html,25,15,た,助動詞,,,,特殊・タ,基本形,た,タ,タ
46691_27707.html,25,16,が,助詞,接続助詞,,,,,が,ガ,ガ
46691_27707.html,25,17,、,記号,読点,,,,,、,、,、
46691_27707.html,25,18,その,連体詞,,,,,,その,ソノ,ソノ
46691_27707.html,25,19,うち,名詞,非自立,副詞可能,,,,うち,ウチ,ウチ
46691_27707.html,25,20,に,助詞,格助詞,一般,,,,に,ニ,ニ
46691_27707.html,25,21,欠伸,名詞,サ変接続,,,,,欠伸,アクビ,アクビ
46691_27707.html,25,22,が,助詞,格助詞,一般,,,,が,ガ,ガ
46691_27707.html,25,23,出,動詞,自立,,,一段,連用形,出る,デ,デ
46691_27707.html,25,24,て,助詞,接続助詞,,,,,て,テ,テ
46691_27707.html,25,25,来,動詞,非自立,,,カ変・来ル,連用形,来る,キ,キ
46691_27707.html,25,26,た,助動詞,,,,特殊・タ,基本形,た,タ,タ
46691_27707.html,25,27,ので,助詞,接続助詞,,,,,ので,ノデ,ノデ
46691_27707.html,25,28,諦め,動詞,自立,,,一段,連用形,諦める,アキラメ,アキラメ
46691_27707.html,25,29,て,助詞,接続助詞,,,,,て,テ,テ
46691_27707.html,25,30,帰っ,動詞,自立,,,五段・ラ行,連用タ接続,帰る,カエッ,カエッ
46691_27707.html,25,31,た,助動詞,,,,特殊・タ,基本形,た,タ,タ
46691_27707.html,25,32,。,記号,句点,,,,,。,。,。
46691_27707.html,26,1,家,名詞,一般,,,,,家,イエ,イエ
46691_27707.html,26,2,に,助詞,格助詞,一般,,,,に,ニ,ニ
46691_27707.html,26,3,帰っ,動詞,自立,,,五段・ラ行,連用タ接続,帰る,カエッ,カエッ
46691_27707.html,26,4,て,助詞,接続助詞,,,,,て,テ,テ
46691_27707.html,26,5,から,助詞,格助詞,一般,,,,から,カラ,カラ
46691_27707.html,26,6,この,連体詞,,,,,,この,コノ,コノ
46691_27707.html,26,7,事,名詞,非自立,一般,,,,事,コト,コト
46691_27707.html,26,8,を,助詞,格助詞,一般,,,,を,ヲ,ヲ
46691_27707.html,26,9,皆,名詞,代名詞,一般,,,,皆,ミナ,ミナ
46691_27707.html,26,10,に,助詞,格助詞,一般,,,,に,ニ,ニ
46691_27707.html,26,11,話し,動詞,自立,,,五段・サ行,連用形,話す,ハナシ,ハナシ
46691_27707.html,26,12,たら,助動詞,,,,特殊・タ,仮定形,た,タラ,タラ
46691_27707.html,26,13,、,記号,読点,,,,,、,、,、
46691_27707.html,26,14,妹,名詞,一般,,,,,妹,イモウト,イモート
46691_27707.html,26,15,や,助詞,並立助詞,,,,,や,ヤ,ヤ
46691_27707.html,26,16,従弟,名詞,一般,,,,,従弟,ジュウテイ,ジューテイ
46691_27707.html,26,17,連中,名詞,一般,,,,,連中,レンチュウ,レンチュー
46691_27707.html,26,18,が,助詞,格助詞,一般,,,,が,ガ,ガ
46691_27707.html,26,19,引っ,接頭詞,動詞接続,,,,,引っ,ヒッ,ヒッ
46691_27707.html,26,20,くり,名詞,一般,,,,,くり,クリ,クリ
46691_27707.html,26,21,返っ,動詞,自立,,,五段・ラ行,連用タ接続,返る,カエッ,カエッ
46691_27707.html,26,22,て,助詞,接続助詞,,,,,て,テ,テ
46691_27707.html,26,23,笑っ,動詞,自立,,,五段・ワ行促音便,連用タ接続,笑う,ワラッ,ワラッ
46691_27707.html,26,24,た,助動詞,,,,特殊・タ,基本形,た,タ,タ
46691_27707.html,26,25,。,記号,句点,,,,,。,。,。
46691_27707.html,27,1,その,連体詞,,,,,,その,ソノ,ソノ
46691_27707.html,27,2,炭,名詞,一般,,,,,炭,スミ,スミ
46691_27707.html,27,3,を,助詞,格助詞,一般,,,,を,ヲ,ヲ
46691_27707.html,27,4,挾む,動詞,自立,,,五段・マ行,基本形,挾む,ハサム,ハサム
46691_27707.html,27,5,鉄,名詞,一般,,,,,鉄,テツ,テツ
46691_27707.html,27,6,の,助詞,連体化,,,,,の,ノ,ノ
46691_27707.html,27,7,道具,名詞,一般,,,,,道具,ドウグ,ドーグ
46691_27707.html,27,8,を,助詞,格助詞,一般,,,,を,ヲ,ヲ
46691_27707.html,27,9,売る,動詞,自立,,,五段・ラ行,基本形,売る,ウル,ウル
46691_27707.html,27,10,の,名詞,非自立,一般,,,,の,ノ,ノ
46691_27707.html,27,11,が,助詞,格助詞,一般,,,,が,ガ,ガ
46691_27707.html,27,12,目的,名詞,一般,,,,,目的,モクテキ,モクテキ
46691_27707.html,27,13,だ,助動詞,,,,特殊・ダ,基本形,だ,ダ,ダ
46691_27707.html,27,14,という,助詞,格助詞,連語,,,,という,トイウ,トユウ
46691_27707.html,27,15,事,名詞,非自立,一般,,,,事,コト,コト
46691_27707.html,27,16,が,助詞,格助詞,一般,,,,が,ガ,ガ
46691_27707.html,27,17,ヤット,名詞,一般,,,,,ヤット,ヤット,ヤット
46691_27707.html,27,18,わかっ,動詞,自立,,,五段・ラ行,連用タ接続,わかる,ワカッ,ワカッ
46691_27707.html,27,19,た,助動詞,,,,特殊・タ,基本形,た,タ,タ
46691_27707.html,27,20,。,記号,句点,,,,,。,。,。
46691_27707.html,28,1,こんな,名詞,形容動詞語幹,,,,,こんな,コンナ,コンナ
46691_27707.html,28,2,体験,名詞,サ変接続,,,,,体験,タイケン,タイケン
46691_27707.html,28,3,を,助詞,格助詞,一般,,,,を,ヲ,ヲ
46691_27707.html,28,4,くり,動詞,自立,,,五段・ラ行,連用形,くる,クリ,クリ
46691_27707.html,28,5,返し,動詞,非自立,,,五段・サ行,連用形,返す,ガエシ,ガエシ
46691_27707.html,28,6,て,助詞,接続助詞,,,,,て,テ,テ
46691_27707.html,28,7,いる,動詞,非自立,,,一段,基本形,いる,イル,イル
46691_27707.html,28,8,うち,名詞,非自立,副詞可能,,,,うち,ウチ,ウチ
46691_27707.html,28,9,に,助詞,格助詞,一般,,,,に,ニ,ニ
46691_27707.html,28,10,、,記号,読点,,,,,、,、,、
46691_27707.html,28,11,筆者,名詞,一般,,,,,筆者,ヒッシャ,ヒッシャ
46691_27707.html,28,12,は,助詞,係助詞,,,,,は,ハ,ワ
46691_27707.html,28,13,だんだんと,副詞,一般,,,,,だんだんと,ダンダント,ダンダント
46691_27707.html,28,14,東京,名詞,固有名詞,地域,一般,,,東京,トウキョウ,トーキョー
46691_27707.html,28,15,が,助詞,格助詞,一般,,,,が,ガ,ガ
46691_27707.html,28,16,恐ろしく,形容詞,自立,,,形容詞・イ段,連用テ接続,恐ろしい,オソロシク,オソロシク
46691_27707.html,28,17,なっ,動詞,自立,,,五段・ラ行,連用タ接続,なる,ナッ,ナッ
46691_27707.html,28,18,て,助詞,接続助詞,,,,,て,テ,テ
46691_27707.html,28,19,来,動詞,非自立,,,カ変・来ル,連用形,来る,キ,キ
46691_27707.html,28,20,た,助動詞,,,,特殊・タ,基本形,た,タ,タ
46691_27707.html,28,21,。,記号,句点,,,,,。,。,。
46691_27707.html,29,1,すくなくとも,副詞,一般,,,,,すくなくとも,スクナクトモ,スクナクトモ
46691_27707.html,29,2,東京,名詞,固有名詞,地域,一般,,,東京,トウキョウ,トーキョー
46691_27707.html,29,3,が,助詞,格助詞,一般,,,,が,ガ,ガ
46691_27707.html,29,4,日本,名詞,固有名詞,地域,国,,,日本,ニッポン,ニッポン
46691_27707.html,29,5,第,接頭詞,数接続,,,,,第,ダイ,ダイ
46691_27707.html,29,6,一,名詞,数,,,,,一,イチ,イチ
46691_27707.html,29,7,の,助詞,連体化,,,,,の,ノ,ノ
46691_27707.html,29,8,生存,名詞,サ変接続,,,,,生存,セイゾン,セイゾン
46691_27707.html,29,9,競争,名詞,サ変接続,,,,,競争,キョウソウ,キョーソー
46691_27707.html,29,10,場,名詞,接尾,一般,,,,場,ジョウ,ジョー
46691_27707.html,29,11,で,助動詞,,,,特殊・ダ,連用形,だ,デ,デ
46691_27707.html,29,12,ある,助動詞,,,,五段・ラ行アル,基本形,ある,アル,アル
46691_27707.html,29,13,位,名詞,一般,,,,,位,イ,イ
46691_27707.html,29,14,の,助詞,連体化,,,,,の,ノ,ノ
46691_27707.html,29,15,事,名詞,非自立,一般,,,,事,コト,コト
46691_27707.html,29,16,は,助詞,係助詞,,,,,は,ハ,ワ
46691_27707.html,29,17,万,副詞,一般,,,,,万,バン,バン
46691_27707.html,29,18,々,記号,一般,,,,,々,々,々
46691_27707.html,29,19,心得,動詞,自立,,,一段,連用形,心得る,ココロエ,ココロエ
46691_27707.html,29,20,て,助詞,接続助詞,,,,,て,テ,テ
46691_27707.html,29,21,上京,名詞,サ変接続,,,,,上京,ジョウキョウ,ジョーキョー
46691_27707.html,29,22,し,動詞,自立,,,サ変・スル,連用形,する,シ,シ
46691_27707.html,29,23,た,助動詞,,,,特殊・タ,基本形,た,タ,タ
46691_27707.html,29,24,積り,名詞,一般,,,,,積り,ツモリ,ツモリ
46691_27707.html,29,25,で,助動詞,,,,特殊・ダ,連用形,だ,デ,デ
46691_27707.html,29,26,あっ,助動詞,,,,五段・ラ行アル,連用タ接続,ある,アッ,アッ
46691_27707.html,29,27,た,助動詞,,,,特殊・タ,基本形,た,タ,タ
46691_27707.html,29,28,が,助詞,接続助詞,,,,,が,ガ,ガ
46691_27707.html,29,29,、,記号,読点,,,,,、,、,、
46691_27707.html,29,30,この,連体詞,,,,,,この,コノ,コノ
46691_27707.html,29,31,アン,名詞,一般,,,,,アン,アン,アン
46691_27707.html,29,32,バイ,名詞,一般,,,,,バイ,バイ,バイ
46691_27707.html,29,33,で,助詞,格助詞,一般,,,,で,デ,デ
46691_27707.html,29,34,見る,動詞,自立,,,一段,基本形,見る,ミル,ミル
46691_27707.html,29,35,と,助詞,接続助詞,,,,,と,ト,ト
46691_27707.html,29,36,その,連体詞,,,,,,その,ソノ,ソノ
46691_27707.html,29,37,生存,名詞,サ変接続,,,,,生存,セイゾン,セイゾン
46691_27707.html,29,38,競争,名詞,サ変接続,,,,,競争,キョウソウ,キョーソー
46691_27707.html,29,39,が,助詞,格助詞,一般,,,,が,ガ,ガ
46691_27707.html,29,40,あんまり,副詞,一般,,,,,あんまり,アンマリ,アンマリ
46691_27707.html,29,41,高潮,名詞,一般,,,,,高潮,コウチョウ,コーチョー
46691_27707.html,29,42,し,動詞,自立,,,サ変・スル,連用形,する,シ,シ
46691_27707.html,29,43,過ぎ,動詞,非自立,,,一段,連用形,過ぎる,スギ,スギ
46691_27707.html,29,44,て,助詞,接続助詞,,,,,て,テ,テ
46691_27707.html,29,45,、,記号,読点,,,,,、,、,、
46691_27707.html,29,46,人間,名詞,一般,,,,,人間,ニンゲン,ニンゲン
46691_27707.html,29,47,離れ,動詞,自立,,,一段,連用形,離れる,ハナレ,ハナレ
46691_27707.html,29,48,、,記号,読点,,,,,、,、,、
46691_27707.html,29,49,神様,名詞,一般,,,,,神様,カミサマ,カミサマ
46691_27707.html,29,50,離れ,名詞,接尾,一般,,,,離れ,バナレ,バナレ
46691_27707.html,29,51,し,動詞,自立,,,サ変・スル,連用形,する,シ,シ
46691_27707.html,29,52,た,助動詞,,,,特殊・タ,基本形,た,タ,タ
46691_27707.html,29,53,物凄い,形容詞,自立,,,形容詞・アウオ段,基本形,物凄い,モノスゴイ,モノスゴイ
46691_27707.html,29,54,インチキ,名詞,一般,,,,,インチキ,インチキ,インチキ
46691_27707.html,29,55,競争,名詞,サ変接続,,,,,競争,キョウソウ,キョーソー
46691_27707.html,29,56,の,助詞,連体化,,,,,の,ノ,ノ
46691_27707.html,29,57,世界,名詞,一般,,,,,世界,セカイ,セカイ
46691_27707.html,29,58,に,助詞,格助詞,一般,,,,に,ニ,ニ
46691_27707.html,29,59,まで,助詞,副助詞,,,,,まで,マデ,マデ
46691_27707.html,29,60,進化,名詞,サ変接続,,,,,進化,シンカ,シンカ
46691_27707.html,29,61,し,動詞,自立,,,サ変・スル,連用形,する,シ,シ
46691_27707.html,29,62,て,助詞,接続助詞,,,,,て,テ,テ
46691_27707.html,29,63,来,動詞,非自立,,,カ変・来ル,連用形,来る,キ,キ
46691_27707.html,29,64,て,助詞,接続助詞,,,,,て,テ,テ
46691_27707.html,29,65,いる,動詞,非自立,,,一段,基本形,いる,イル,イル
46691_27707.html,29,66,よう,名詞,非自立,助動詞語幹,,,,よう,ヨウ,ヨー
46691_27707.html,29,67,で,助動詞,,,,特殊・ダ,連用形,だ,デ,デ
46691_27707.html,29,68,ある,助動詞,,,,五段・ラ行アル,基本形,ある,アル,アル
46691_27707.html,29,69,。,記号,句点,,,,,。,。,。
46691_27707.html,30,1,アノ,名詞,一般,,,,,アノ,アノ,アノ
46691_27707.html,30,2,高,名詞,接尾,一般,,,,高,ダカ,ダカ
46691_27707.html,30,3,々,記号,一般,,,,,々,々,々
46691_27707.html,30,4,と,助詞,格助詞,引用,,,,と,ト,ト
46691_27707.html,30,5,聳立,名詞,サ変接続,,,,,聳立,ショウリツ,ショーリツ
46691_27707.html,30,6,し,動詞,自立,,,サ変・スル,連用形,する,シ,シ
46691_27707.html,30,7,て,助詞,接続助詞,,,,,て,テ,テ
46691_27707.html,30,8,いる,動詞,非自立,,,一段,基本形,いる,イル,イル
46691_27707.html,30,9,無電,名詞,一般,,,,,無電,ムデン,ムデン
46691_27707.html,30,10,塔,名詞,接尾,一般,,,,塔,トウ,トー
46691_27707.html,30,11,や,助詞,並立助詞,,,,,や,ヤ,ヤ
46691_27707.html,30,12,議事堂,名詞,一般,,,,,議事堂,ギジドウ,ギジドー
46691_27707.html,30,13,も,助詞,係助詞,,,,,も,モ,モ
46691_27707.html,30,14,、,記号,読点,,,,,、,、,、
46691_27707.html,30,15,事,名詞,一般,,,,,事,コト,コト
46691_27707.html,30,16,に,助詞,格助詞,一般,,,,に,ニ,ニ
46691_27707.html,30,17,よる,動詞,自立,,,五段・ラ行,基本形,よる,ヨル,ヨル
46691_27707.html,30,18,と,助詞,接続助詞,,,,,と,ト,ト
46691_27707.html,30,19,本物,名詞,一般,,,,,本物,ホンモノ,ホンモノ
46691_27707.html,30,20,で,助詞,格助詞,一般,,,,で,デ,デ
46691_27707.html,30,21,は,助詞,係助詞,,,,,は,ハ,ワ
46691_27707.html,30,22,ない,助動詞,,,,特殊・ナイ,基本形,ない,ナイ,ナイ
46691_27707.html,30,23,かも,助詞,副助詞,,,,,かも,カモ,カモ
46691_27707.html,30,24,知れ,動詞,自立,,,一段,未然形,知れる,シレ,シレ
46691_27707.html,30,25,ない,助動詞,,,,特殊・ナイ,基本形,ない,ナイ,ナイ
46691_27707.html,30,26,。,記号,句点,,,,,。,。,。
46691_27707.html,31,1,あの,フィラー,,,,,,あの,アノ,アノ
46691_27707.html,31,2,青空,名詞,一般,,,,,青空,アオゾラ,アオゾラ
46691_27707.html,31,3,や,助詞,並立助詞,,,,,や,ヤ,ヤ
46691_27707.html,31,4,、,記号,読点,,,,,、,、,、
46691_27707.html,31,5,太陽,名詞,一般,,,,,太陽,タイヨウ,タイヨー
46691_27707.html,31,6,や,助詞,並立助詞,,,,,や,ヤ,ヤ
46691_27707.html,31,7,、,記号,読点,,,,,、,、,、
46691_27707.html,31,8,行く,動詞,自立,,,五段・カ行促音便,基本形,行く,イク,イク
46691_27707.html,31,9,雲,名詞,一般,,,,,雲,クモ,クモ
46691_27707.html,31,10,まで,助詞,副助詞,,,,,まで,マデ,マデ
46691_27707.html,31,11,も,助詞,係助詞,,,,,も,モ,モ
46691_27707.html,31,12,が,助詞,格助詞,一般,,,,が,ガ,ガ
46691_27707.html,31,13,キネオラマ,名詞,一般,,,,,キネオラマ,キネオラマ,キネオラマ
46691_27707.html,31,14,みたい,名詞,非自立,形容動詞語幹,,,,みたい,ミタイ,ミタイ
46691_27707.html,31,15,な,助動詞,,,,特殊・ダ,体言接続,だ,ナ,ナ
46691_27707.html,31,16,インチキ,名詞,一般,,,,,インチキ,インチキ,インチキ
46691_27707.html,31,17,かも,助詞,副助詞,,,,,かも,カモ,カモ
46691_27707.html,31,18,知れ,動詞,自立,,,一段,未然形,知れる,シレ,シレ
46691_27707.html,31,19,ない,助動詞,,,,特殊・ナイ,基本形,ない,ナイ,ナイ
46691_27707.html,31,20,。,記号,句点,,,,,。,。,。
46691_27707.html,32,1,田舎,名詞,一般,,,,,田舎,イナカ,イナカ
46691_27707.html,32,2,の,助詞,連体化,,,,,の,ノ,ノ
46691_27707.html,32,3,太陽,名詞,一般,,,,,太陽,タイヨウ,タイヨー
46691_27707.html,32,4,や,助詞,並立助詞,,,,,や,ヤ,ヤ
46691_27707.html,32,5,、,記号,読点,,,,,、,、,、
46691_27707.html,32,6,樹木,名詞,一般,,,,,樹木,ジュモク,ジュモク
46691_27707.html,32,7,や,助詞,並立助詞,,,,,や,ヤ,ヤ
46691_27707.html,32,8,、,記号,読点,,,,,、,、,、
46691_27707.html,32,9,電車,名詞,一般,,,,,電車,デンシャ,デンシャ
46691_27707.html,32,10,や,助詞,並立助詞,,,,,や,ヤ,ヤ
46691_27707.html,32,11,、,記号,読点,,,,,、,、,、
46691_27707.html,32,12,人間,名詞,一般,,,,,人間,ニンゲン,ニンゲン
46691_27707.html,32,13,は,助詞,係助詞,,,,,は,ハ,ワ
46691_27707.html,32,14,みんな,名詞,代名詞,一般,,,,みんな,ミンナ,ミンナ
46691_27707.html,32,15,本物,名詞,一般,,,,,本物,ホンモノ,ホンモノ
46691_27707.html,32,16,だ,助動詞,,,,特殊・ダ,基本形,だ,ダ,ダ
46691_27707.html,32,17,が,助詞,接続助詞,,,,,が,ガ,ガ
46691_27707.html,32,18,ナア,名詞,一般,,,,,ナア,ナア,ナア
46691_27707.html,32,19,と,助詞,格助詞,一般,,,,と,ト,ト
46691_27707.html,32,20,思う,動詞,自立,,,五段・ワ行促音便,基本形,思う,オモウ,オモウ
46691_27707.html,32,21,と,助詞,接続助詞,,,,,と,ト,ト
46691_27707.html,32,22,、,記号,読点,,,,,、,、,、
46691_27707.html,32,23,急,名詞,形容動詞語幹,,,,,急,キュウ,キュー
46691_27707.html,32,24,に,助詞,副詞化,,,,,に,ニ,ニ
46691_27707.html,32,25,田舎,名詞,一般,,,,,田舎,イナカ,イナカ
46691_27707.html,32,26,へ,助詞,格助詞,一般,,,,へ,ヘ,エ
46691_27707.html,32,27,帰り,動詞,自立,,,五段・ラ行,連用形,帰る,カエリ,カエリ
46691_27707.html,32,28,たく,助動詞,,,,特殊・タイ,連用テ接続,たい,タク,タク
46691_27707.html,32,29,なっ,動詞,自立,,,五段・ラ行,連用タ接続,なる,ナッ,ナッ
46691_27707.html,32,30,た,助動詞,,,,特殊・タ,基本形,た,タ,タ
46691_27707.html,32,31,。,記号,句点,,,,,。,。,。
46691_27707.html,33,1,真黒,名詞,形容動詞語幹,,,,,真黒,マックロ,マックロ
46691_27707.html,33,2,に,助詞,副詞化,,,,,に,ニ,ニ
46691_27707.html,33,3,日,名詞,非自立,副詞可能,,,,日,ヒ,ヒ
46691_27707.html,33,4,に,助詞,格助詞,一般,,,,に,ニ,ニ
46691_27707.html,33,5,焼け,動詞,自立,,,一段,連用形,焼ける,ヤケ,ヤケ
46691_27707.html,33,6,た,助動詞,,,,特殊・タ,基本形,た,タ,タ
46691_27707.html,33,7,、,記号,読点,,,,,、,、,、
46691_27707.html,33,8,泥,名詞,一般,,,,,泥,ドロ,ドロ
46691_27707.html,33,9,だらけ,名詞,接尾,一般,,,,だらけ,ダラケ,ダラケ
46691_27707.html,33,10,の,助詞,連体化,,,,,の,ノ,ノ
46691_27707.html,33,11,子供,名詞,一般,,,,,子供,コドモ,コドモ
46691_27707.html,33,12,の,助詞,連体化,,,,,の,ノ,ノ
46691_27707.html,33,13,笑い,名詞,一般,,,,,笑い,ワライ,ワライ
46691_27707.html,33,14,顔,名詞,接尾,一般,,,,顔,ガオ,ガオ
46691_27707.html,33,15,が,助詞,格助詞,一般,,,,が,ガ,ガ
46691_27707.html,33,16,見,動詞,自立,,,一段,連用形,見る,ミ,ミ
46691_27707.html,33,17,たく,助動詞,,,,特殊・タイ,連用テ接続,たい,タク,タク
46691_27707.html,33,18,て,助詞,接続助詞,,,,,て,テ,テ
46691_27707.html,33,19,見,動詞,自立,,,一段,連用形,見る,ミ,ミ
46691_27707.html,33,20,たく,助動詞,,,,特殊・タイ,連用テ接続,たい,タク,タク
46691_27707.html,33,21,て,助詞,接続助詞,,,,,て,テ,テ
46691_27707.html,33,22,たまらなく,形容詞,自立,,,形容詞・アウオ段,連用テ接続,たまらない,タマラナク,タマラナク
46691_27707.html,33,23,なっ,動詞,自立,,,五段・ラ行,連用タ接続,なる,ナッ,ナッ
46691_27707.html,33,24,た,助動詞,,,,特殊・タ,基本形,た,タ,タ
46691_27707.html,33,25,。,記号,句点,,,,,。,。,。
46691_27707.html,34,1,その,連体詞,,,,,,その,ソノ,ソノ
46691_27707.html,34,2,帰る,動詞,自立,,,五段・ラ行,基本形,帰る,カエル,カエル
46691_27707.html,34,3,前日,名詞,副詞可能,,,,,前日,ゼンジツ,ゼンジツ
46691_27707.html,34,4,に,助詞,格助詞,一般,,,,に,ニ,ニ
46691_27707.html,34,5,某,接頭詞,名詞接続,,,,,某,ボウ,ボー
46691_27707.html,34,6,名士,名詞,一般,,,,,名士,メイシ,メイシ
46691_27707.html,34,7,の,助詞,連体化,,,,,の,ノ,ノ
46691_27707.html,34,8,処,名詞,サ変接続,,,,,処,ショ,ショ
46691_27707.html,34,9,へ,助詞,格助詞,一般,,,,へ,ヘ,エ
46691_27707.html,34,10,お,接頭詞,名詞接続,,,,,お,オ,オ
46691_27707.html,34,11,暇乞い,名詞,一般,,,,,暇乞い,イトマゴイ,イトマゴイ
46691_27707.html,34,12,に,助詞,格助詞,一般,,,,に,ニ,ニ
46691_27707.html,34,13,行っ,動詞,自立,,,五段・カ行促音便,連用タ接続,行く,イッ,イッ
46691_27707.html,34,14,た,助動詞,,,,特殊・タ,基本形,た,タ,タ
46691_27707.html,34,15,。,記号,句点,,,,,。,。,。
46691_27707.html,35,1,某,接頭詞,名詞接続,,,,,某,ボウ,ボー
46691_27707.html,35,2,名士,名詞,一般,,,,,名士,メイシ,メイシ
46691_27707.html,35,3,氏,名詞,接尾,人名,,,,氏,シ,シ
46691_27707.html,35,4,は,助詞,係助詞,,,,,は,ハ,ワ
46691_27707.html,35,5,八,名詞,数,,,,,八,ハチ,ハチ
46691_27707.html,35,6,十,名詞,数,,,,,十,ジュウ,ジュー
46691_27707.html,35,7,幾,名詞,数,,,,,幾,イク,イク
46691_27707.html,35,8,歳,名詞,接尾,助数詞,,,,歳,サイ,サイ
46691_27707.html,35,9,の,助詞,連体化,,,,,の,ノ,ノ
46691_27707.html,35,10,高齢,名詞,一般,,,,,高齢,コウレイ,コーレイ
46691_27707.html,35,11,で,助詞,格助詞,一般,,,,で,デ,デ
46691_27707.html,35,12,悠々,副詞,助詞類接続,,,,,悠々,ユウユウ,ユーユー
46691_27707.html,35,13,と,助詞,副詞化,,,,,と,ト,ト
46691_27707.html,35,14,白髯,名詞,一般,,,,,白髯,ハクゼン,ハクゼン
46691_27707.html,35,15,を,助詞,格助詞,一般,,,,を,ヲ,ヲ
46691_27707.html,35,16,扱い,動詞,自立,,,五段・カ行イ音便,連用タ接続,扱く,コイ,コイ
46691_27707.html,35,17,て,助詞,接続助詞,,,,,て,テ,テ
46691_27707.html,35,18,御座っ,助動詞,,,,五段・ラ行特殊,連用タ接続,御座る,ゴザッ,ゴザッ
46691_27707.html,35,19,た,助動詞,,,,特殊・タ,基本形,た,タ,タ
46691_27707.html,35,20,。,記号,句点,,,,,。,。,。
46691_27707.html,36,1,そこ,名詞,代名詞,一般,,,,そこ,ソコ,ソコ
46691_27707.html,36,2,へ,助詞,格助詞,一般,,,,へ,ヘ,エ
46691_27707.html,36,3,四,名詞,数,,,,,四,ヨン,ヨン
46691_27707.html,36,4,十,名詞,数,,,,,十,ジュウ,ジュー
46691_27707.html,36,5,恰好,名詞,一般,,,,,恰好,カッコウ,カッコー
46691_27707.html,36,6,の,助詞,連体化,,,,,の,ノ,ノ
46691_27707.html,36,7,眼,名詞,一般,,,,,眼,メ,メ
46691_27707.html,36,8,の,助詞,格助詞,一般,,,,の,ノ,ノ
46691_27707.html,36,9,鋭い,形容詞,自立,,,形容詞・アウオ段,基本形,鋭い,スルドイ,スルドイ
46691_27707.html,36,10,、,記号,読点,,,,,、,、,、
46691_27707.html,36,11,腕,名詞,一般,,,,,腕,ウデ,ウデ
46691_27707.html,36,12,ッ,名詞,一般,,,,,ッ,ッ,ッ
46691_27707.html,36,13,節,名詞,接尾,一般,,,,節,ブシ,ブシ
46691_27707.html,36,14,の,助詞,連体化,,,,,の,ノ,ノ
46691_27707.html,36,15,強,形容詞,自立,,,形容詞・アウオ段,ガル接続,強い,ツヨ,ツヨ
46691_27707.html,36,16,そう,名詞,接尾,助動詞語幹,,,,そう,ソウ,ソー
46691_27707.html,36,17,な,助動詞,,,,特殊・ダ,体言接続,だ,ナ,ナ
46691_27707.html,36,18,刑事,名詞,一般,,,,,刑事,ケイジ,ケイジ
46691_27707.html,36,19,然,副詞,一般,,,,,然,シカ,シカ
46691_27707.html,36,20,たる,助動詞,,,,文語・ナリ,体言接続,たり,タル,タル
46691_27707.html,36,21,人,名詞,一般,,,,,人,ヒト,ヒト
46691_27707.html,36,22,が,助詞,格助詞,一般,,,,が,ガ,ガ
46691_27707.html,36,23,羽織,名詞,一般,,,,,羽織,ハオリ,ハオリ
46691_27707.html,36,24,袴,名詞,一般,,,,,袴,ハカマ,ハカマ
46691_27707.html,36,25,で,助詞,格助詞,一般,,,,で,デ,デ
46691_27707.html,36,26,面会,名詞,サ変接続,,,,,面会,メンカイ,メンカイ
46691_27707.html,36,27,に,助詞,格助詞,一般,,,,に,ニ,ニ
46691_27707.html,36,28,来,動詞,自立,,,カ変・来ル,連用形,来る,キ,キ
46691_27707.html,36,29,て,助詞,接続助詞,,,,,て,テ,テ
46691_27707.html,36,30,某,接頭詞,名詞接続,,,,,某,ボウ,ボー
46691_27707.html,36,31,名士,名詞,一般,,,,,名士,メイシ,メイシ
46691_27707.html,36,32,氏,名詞,接尾,人名,,,,氏,シ,シ
46691_27707.html,36,33,の,助詞,連体化,,,,,の,ノ,ノ
46691_27707.html,36,34,次の間,名詞,一般,,,,,次の間,ツギノマ,ツギノマ
46691_27707.html,36,35,に,助詞,格助詞,一般,,,,に,ニ,ニ
46691_27707.html,36,36,ヒレ,名詞,一般,,,,,ヒレ,ヒレ,ヒレ
46691_27707.html,36,37,伏,名詞,サ変接続,,,,,伏,フク,フク
46691_27707.html,36,38,し,動詞,自立,,,サ変・スル,連用形,する,シ,シ
46691_27707.html,36,39,た,助動詞,,,,特殊・タ,基本形,た,タ,タ
46691_27707.html,36,40,。,記号,句点,,,,,。,。,。
46691_27707.html,37,1,「,記号,括弧開,,,,,「,「,「
46691_27707.html,37,2,初めて,副詞,一般,,,,,初めて,ハジメテ,ハジメテ
46691_27707.html,37,3,御意,名詞,一般,,,,,御意,ギョイ,ギョイ
46691_27707.html,37,4,を,助詞,格助詞,一般,,,,を,ヲ,ヲ
46691_27707.html,37,5,得,動詞,自立,,,一段,連用形,得る,エ,エ
46691_27707.html,37,6,ます,助動詞,,,,特殊・マス,基本形,ます,マス,マス
46691_27707.html,37,7,。,記号,句点,,,,,。,。,。
46691_27707.html,38,1,私,名詞,代名詞,一般,,,,私,ワタシ,ワタシ
46691_27707.html,38,2,は,助詞,係助詞,,,,,は,ハ,ワ
46691_27707.html,38,3,×,記号,一般,,,,,×,カケル,カケル
46691_27707.html,38,4,×,記号,一般,,,,,×,カケル,カケル
46691_27707.html,38,5,県,名詞,一般,,,,,県,ケン,ケン
46691_27707.html,38,6,の,助詞,連体化,,,,,の,ノ,ノ
46691_27707.html,38,7,者,名詞,非自立,一般,,,,者,モノ,モノ
46691_27707.html,38,8,で,助動詞,,,,特殊・ダ,連用形,だ,デ,デ
46691_27707.html,38,9,御座い,助動詞,,,,五段・ラ行特殊,連用形,御座る,ゴザイ,ゴザイ
46691_27707.html,38,10,ます,助動詞,,,,特殊・マス,基本形,ます,マス,マス
46691_27707.html,38,11,が,助詞,接続助詞,,,,,が,ガ,ガ
46691_27707.html,38,12,、,記号,読点,,,,,、,、,、
46691_27707.html,38,13,私,名詞,代名詞,一般,,,,私,ワタシ,ワタシ
46691_27707.html,38,14,の,助詞,連体化,,,,,の,ノ,ノ
46691_27707.html,38,15,友人,名詞,一般,,,,,友人,ユウジン,ユージン
46691_27707.html,38,16,で,助詞,格助詞,一般,,,,で,デ,デ
46691_27707.html,38,17,△,記号,一般,,,,,△,△,△
46691_27707.html,38,18,△,記号,一般,,,,,△,△,△
46691_27707.html,38,19,と,助詞,格助詞,引用,,,,と,ト,ト
46691_27707.html,38,20,申す,動詞,自立,,,五段・サ行,基本形,申す,モウス,モース
46691_27707.html,38,21,者,名詞,非自立,一般,,,,者,モノ,モノ
46691_27707.html,38,22,が,助詞,格助詞,一般,,,,が,ガ,ガ
46691_27707.html,38,23,個人,名詞,一般,,,,,個人,コジン,コジン
46691_27707.html,38,24,的,名詞,接尾,形容動詞語幹,,,,的,テキ,テキ
46691_27707.html,38,25,の,助詞,連体化,,,,,の,ノ,ノ
46691_27707.html,38,26,特,名詞,一般,,,,,特,トク,トク
46691_27707.html,38,27,志,名詞,一般,,,,,志,ココロザシ,ココロザシ
46691_27707.html,38,28,で,助詞,格助詞,一般,,,,で,デ,デ
46691_27707.html,38,29,、,記号,読点,,,,,、,、,、
46691_27707.html,38,30,日本,名詞,固有名詞,地域,国,,,日本,ニッポン,ニッポン
46691_27707.html,38,31,政府,名詞,一般,,,,,政府,セイフ,セイフ
46691_27707.html,38,32,の,助詞,連体化,,,,,の,ノ,ノ
46691_27707.html,38,33,軍事,名詞,一般,,,,,軍事,グンジ,グンジ
46691_27707.html,38,34,探偵,名詞,サ変接続,,,,,探偵,タンテイ,タンテイ
46691_27707.html,38,35,と,助詞,格助詞,一般,,,,と,ト,ト
46691_27707.html,38,36,なり,動詞,自立,,,五段・ラ行,連用形,なる,ナリ,ナリ
46691_27707.html,38,37,まし,助動詞,,,,特殊・マス,連用形,ます,マシ,マシ
46691_27707.html,38,38,て,助詞,接続助詞,,,,,て,テ,テ
46691_27707.html,38,39,○,記号,一般,,,,,○,○,○
46691_27707.html,38,40,○,記号,一般,,,,,○,○,○
46691_27707.html,38,41,政庁,名詞,一般,,,,,政庁,セイチョウ,セイチョー
46691_27707.html,38,42,の,助詞,連体化,,,,,の,ノ,ノ
46691_27707.html,38,43,統治,名詞,サ変接続,,,,,統治,トウチ,トーチ
46691_27707.html,38,44,下,名詞,接尾,一般,,,,下,カ,カ
46691_27707.html,38,45,に,助詞,格助詞,一般,,,,に,ニ,ニ
46691_27707.html,38,46,入り込ん,動詞,自立,,,五段・マ行,連用タ接続,入り込む,ハイリコン,ハイリコン
46691_27707.html,38,47,で,助詞,接続助詞,,,,,で,デ,デ
46691_27707.html,38,48,活躍,名詞,サ変接続,,,,,活躍,カツヤク,カツヤク
46691_27707.html,38,49,致し,動詞,自立,,,五段・サ行,連用形,致す,イタシ,イタシ
46691_27707.html,38,50,て,助詞,接続助詞,,,,,て,テ,テ
46691_27707.html,38,51,おり,動詞,非自立,,,五段・ラ行,連用形,おる,オリ,オリ
46691_27707.html,38,52,まする,動詞,自立,,,サ変・−スル,基本形,まする,マスル,マスル
46691_27707.html,38,53,うち,名詞,非自立,副詞可能,,,,うち,ウチ,ウチ
46691_27707.html,38,54,に,助詞,格助詞,一般,,,,に,ニ,ニ
46691_27707.html,38,55,、,記号,読点,,,,,、,、,、
46691_27707.html,38,56,過般,名詞,副詞可能,,,,,過般,カハン,カハン
46691_27707.html,38,57,来,名詞,接尾,副詞可能,,,,来,ライ,ライ
46691_27707.html,38,58,、,記号,読点,,,,,、,、,、
46691_27707.html,38,59,日本,名詞,固有名詞,地域,国,,,日本,ニッポン,ニッポン
46691_27707.html,38,60,と,助詞,並立助詞,,,,,と,ト,ト
46691_27707.html,38,61,○,記号,一般,,,,,○,○,○
46691_27707.html,38,62,○,記号,一般,,,,,○,○,○
46691_27707.html,38,63,政庁,名詞,一般,,,,,政庁,セイチョウ,セイチョー
46691_27707.html,38,64,の,助詞,連体化,,,,,の,ノ,ノ
46691_27707.html,38,65,外交,名詞,一般,,,,,外交,ガイコウ,ガイコー
46691_27707.html,38,66,関係,名詞,サ変接続,,,,,関係,カンケイ,カンケイ
46691_27707.html,38,67,が,助詞,格助詞,一般,,,,が,ガ,ガ
46691_27707.html,38,68,緊張,名詞,サ変接続,,,,,緊張,キンチョウ,キンチョー
46691_27707.html,38,69,致し,動詞,自立,,,五段・サ行,連用形,致す,イタシ,イタシ
46691_27707.html,38,70,まし,助動詞,,,,特殊・マス,連用形,ます,マシ,マシ
46691_27707.html,38,71,た,助動詞,,,,特殊・タ,基本形,た,タ,タ
46691_27707.html,38,72,際,名詞,非自立,副詞可能,,,,際,サイ,サイ
46691_27707.html,38,73,、,記号,読点,,,,,、,、,、
46691_27707.html,38,74,△,記号,一般,,,,,△,△,△
46691_27707.html,38,75,△,記号,一般,,,,,△,△,△
46691_27707.html,38,76,は,助詞,係助詞,,,,,は,ハ,ワ
46691_27707.html,38,77,部下,名詞,一般,,,,,部下,ブカ,ブカ
46691_27707.html,38,78,十,名詞,数,,,,,十,ジュウ,ジュー
46691_27707.html,38,79,二,名詞,数,,,,,二,ニ,ニ
46691_27707.html,38,80,人,名詞,接尾,助数詞,,,,人,ニン,ニン
46691_27707.html,38,81,と共に,助詞,格助詞,連語,,,,と共に,トトモニ,トトモニ
46691_27707.html,38,82,一網打尽,名詞,一般,,,,,一網打尽,イチモウダジン,イチモーダジン
46691_27707.html,38,83,、,記号,読点,,,,,、,、,、
46691_27707.html,38,84,引き上げ,動詞,自立,,,一段,未然形,引き上げる,ヒキアゲ,ヒキアゲ
46691_27707.html,38,85,られ,動詞,接尾,,,一段,連用形,られる,ラレ,ラレ
46691_27707.html,38,86,て,助詞,接続助詞,,,,,て,テ,テ
46691_27707.html,38,87,しまい,動詞,非自立,,,五段・ワ行促音便,連用形,しまう,シマイ,シマイ
46691_27707.html,38,88,まし,助動詞,,,,特殊・マス,連用形,ます,マシ,マシ
46691_27707.html,38,89,た,助動詞,,,,特殊・タ,基本形,た,タ,タ
46691_27707.html,38,90,。,記号,句点,,,,,。,。,。
46691_27707.html,39,1,その,連体詞,,,,,,その,ソノ,ソノ
46691_27707.html,39,2,捕縛,名詞,サ変接続,,,,,捕縛,ホバク,ホバク
46691_27707.html,39,3,さ,動詞,自立,,,サ変・スル,未然レル接続,する,サ,サ
46691_27707.html,39,4,れ,動詞,接尾,,,一段,連用形,れる,レ,レ
46691_27707.html,39,5,た,助動詞,,,,特殊・タ,基本形,た,タ,タ
46691_27707.html,39,6,一,名詞,数,,,,,一,イチ,イチ
46691_27707.html,39,7,刹那,名詞,副詞可能,,,,,刹那,セツナ,セツナ
46691_27707.html,39,8,に,助詞,格助詞,一般,,,,に,ニ,ニ
46691_27707.html,39,9,△,記号,一般,,,,,△,△,△
46691_27707.html,39,10,△,記号,一般,,,,,△,△,△
46691_27707.html,39,11,は,助詞,係助詞,,,,,は,ハ,ワ
46691_27707.html,39,12,ピストル,名詞,一般,,,,,ピストル,ピストル,ピストル
46691_27707.html,39,13,で,助詞,格助詞,一般,,,,で,デ,デ
46691_27707.html,39,14,頭,名詞,一般,,,,,頭,アタマ,アタマ
46691_27707.html,39,15,を,助詞,格助詞,一般,,,,を,ヲ,ヲ
46691_27707.html,39,16,撃っ,動詞,自立,,,五段・タ行,連用タ接続,撃つ,ウッ,ウッ
46691_27707.html,39,17,て,助詞,接続助詞,,,,,て,テ,テ
46691_27707.html,39,18,壮烈,名詞,形容動詞語幹,,,,,壮烈,ソウレツ,ソーレツ
46691_27707.html,39,19,な,助動詞,,,,特殊・ダ,体言接続,だ,ナ,ナ
46691_27707.html,39,20,自殺,名詞,サ変接続,,,,,自殺,ジサツ,ジサツ
46691_27707.html,39,21,を,助詞,格助詞,一般,,,,を,ヲ,ヲ
46691_27707.html,39,22,遂げ,動詞,自立,,,一段,連用形,遂げる,トゲ,トゲ
46691_27707.html,39,23,、,記号,読点,,,,,、,、,、
46691_27707.html,39,24,一切,名詞,副詞可能,,,,,一切,イッサイ,イッサイ
46691_27707.html,39,25,の,助詞,連体化,,,,,の,ノ,ノ
46691_27707.html,39,26,真相,名詞,一般,,,,,真相,シンソウ,シンソー
46691_27707.html,39,27,を,助詞,格助詞,一般,,,,を,ヲ,ヲ
46691_27707.html,39,28,調査,名詞,サ変接続,,,,,調査,チョウサ,チョーサ
46691_27707.html,39,29,不可能,名詞,形容動詞語幹,,,,,不可能,フカノウ,フカノー
46691_27707.html,39,30,に,助詞,副詞化,,,,,に,ニ,ニ
46691_27707.html,39,31,陥れ,動詞,自立,,,一段,連用形,陥れる,オトシイレ,オトシイレ
46691_27707.html,39,32,まし,助動詞,,,,特殊・マス,連用形,ます,マシ,マシ
46691_27707.html,39,33,た,助動詞,,,,特殊・タ,基本形,た,タ,タ
46691_27707.html,39,34,ので,助詞,接続助詞,,,,,ので,ノデ,ノデ
46691_27707.html,39,35,、,記号,読点,,,,,、,、,、
46691_27707.html,39,36,部下,名詞,一般,,,,,部下,ブカ,ブカ
46691_27707.html,39,37,十,名詞,数,,,,,十,ジュウ,ジュー
46691_27707.html,39,38,二,名詞,数,,,,,二,ニ,ニ
46691_27707.html,39,39,名,名詞,接尾,助数詞,,,,名,メイ,メイ
46691_27707.html,39,40,の,助詞,連体化,,,,,の,ノ,ノ
46691_27707.html,39,41,罪,名詞,一般,,,,,罪,ツミ,ツミ
46691_27707.html,39,42,は,助詞,係助詞,,,,,は,ハ,ワ
46691_27707.html,39,43,まだ,副詞,助詞類接続,,,,,まだ,マダ,マダ
46691_27707.html,39,44,決定,名詞,サ変接続,,,,,決定,ケッテイ,ケッテイ
46691_27707.html,39,45,致し,動詞,自立,,,五段・サ行,連用形,致す,イタシ,イタシ
46691_27707.html,39,46,かね,動詞,非自立,,,一段,連用形,かねる,カネ,カネ
46691_27707.html,39,47,て,助詞,接続助詞,,,,,て,テ,テ
46691_27707.html,39,48,いる,動詞,非自立,,,一段,基本形,いる,イル,イル
46691_27707.html,39,49,状態,名詞,一般,,,,,状態,ジョウタイ,ジョータイ
46691_27707.html,39,50,で,助動詞,,,,特殊・ダ,連用形,だ,デ,デ
46691_27707.html,39,51,あり,助動詞,,,,五段・ラ行アル,連用形,ある,アリ,アリ
46691_27707.html,39,52,ます,助動詞,,,,特殊・マス,基本形,ます,マス,マス
46691_27707.html,39,53,が,助詞,接続助詞,,,,,が,ガ,ガ
46691_27707.html,39,54,、,記号,読点,,,,,、,、,、
46691_27707.html,39,55,その,連体詞,,,,,,その,ソノ,ソノ
46691_27707.html,39,56,△,記号,一般,,,,,△,△,△
46691_27707.html,39,57,△,記号,一般,,,,,△,△,△
46691_27707.html,39,58,君,名詞,接尾,人名,,,,君,クン,クン
46691_27707.html,39,59,の,助詞,連体化,,,,,の,ノ,ノ
46691_27707.html,39,60,死,名詞,一般,,,,,死,シ,シ
46691_27707.html,39,61,は,助詞,係助詞,,,,,は,ハ,ワ
46691_27707.html,39,62,元来,副詞,一般,,,,,元来,ガンライ,ガンライ
46691_27707.html,39,63,が,助詞,格助詞,一般,,,,が,ガ,ガ
46691_27707.html,39,64,特,名詞,一般,,,,,特,トク,トク
46691_27707.html,39,65,志,名詞,一般,,,,,志,ココロザシ,ココロザシ
46691_27707.html,39,66,で,助動詞,,,,特殊・ダ,連用形,だ,デ,デ
46691_27707.html,39,67,あり,助動詞,,,,五段・ラ行アル,連用形,ある,アリ,アリ
46691_27707.html,39,68,まし,助動詞,,,,特殊・マス,連用形,ます,マシ,マシ
46691_27707.html,39,69,た,助動詞,,,,特殊・タ,基本形,た,タ,タ
46691_27707.html,39,70,関係,名詞,サ変接続,,,,,関係,カンケイ,カンケイ
46691_27707.html,39,71,から,助詞,格助詞,一般,,,,から,カラ,カラ
46691_27707.html,39,72,、,記号,読点,,,,,、,、,、
46691_27707.html,39,73,お上,名詞,一般,,,,,お上,オカミ,オカミ
46691_27707.html,39,74,から,助詞,格助詞,一般,,,,から,カラ,カラ
46691_27707.html,39,75,勲章,名詞,一般,,,,,勲章,クンショウ,クンショー
46691_27707.html,39,76,、,記号,読点,,,,,、,、,、
46691_27707.html,39,77,年金,名詞,一般,,,,,年金,ネンキン,ネンキン
46691_27707.html,39,78,等,名詞,接尾,一般,,,,等,トウ,トー
46691_27707.html,39,79,も,助詞,係助詞,,,,,も,モ,モ
46691_27707.html,39,80,頂戴,名詞,サ変接続,,,,,頂戴,チョウダイ,チョーダイ
46691_27707.html,39,81,出来,動詞,自立,,,一段,連用形,出来る,デキ,デキ
46691_27707.html,39,82,ませ,助動詞,,,,特殊・マス,未然形,ます,マセ,マセ
46691_27707.html,39,83,ぬ,助動詞,,,,不変化型,基本形,ぬ,ヌ,ヌ
46691_27707.html,39,84,は,助詞,係助詞,,,,,は,ハ,ワ
46691_27707.html,39,85,勿論,副詞,一般,,,,,勿論,モチロン,モチロン
46691_27707.html,39,86,の,助詞,連体化,,,,,の,ノ,ノ
46691_27707.html,39,87,こと,名詞,非自立,一般,,,,こと,コト,コト
46691_27707.html,39,88,、,記号,読点,,,,,、,、,、
46691_27707.html,39,89,その,連体詞,,,,,,その,ソノ,ソノ
46691_27707.html,39,90,死因,名詞,一般,,,,,死因,シイン,シイン
46691_27707.html,39,91,すら,助詞,係助詞,,,,,すら,スラ,スラ
46691_27707.html,39,92,永久,名詞,形容動詞語幹,,,,,永久,エイキュウ,エイキュー
46691_27707.html,39,93,に,助詞,副詞化,,,,,に,ニ,ニ
46691_27707.html,39,94,公然,副詞,助詞類接続,,,,,公然,コウゼン,コーゼン
46691_27707.html,39,95,と,助詞,副詞化,,,,,と,ト,ト
46691_27707.html,39,96,発表,名詞,サ変接続,,,,,発表,ハッピョウ,ハッピョー
46691_27707.html,39,97,を,助詞,格助詞,一般,,,,を,ヲ,ヲ
46691_27707.html,39,98,許さ,動詞,自立,,,五段・サ行,未然形,許す,ユルサ,ユルサ
46691_27707.html,39,99,れ,動詞,接尾,,,一段,未然形,れる,レ,レ
46691_27707.html,39,100,ない,助動詞,,,,特殊・ナイ,基本形,ない,ナイ,ナイ
46691_27707.html,39,101,事,名詞,非自立,一般,,,,事,コト,コト
46691_27707.html,39,102,に,助詞,格助詞,一般,,,,に,ニ,ニ
46691_27707.html,39,103,なっ,動詞,自立,,,五段・ラ行,連用タ接続,なる,ナッ,ナッ
46691_27707.html,39,104,て,助詞,接続助詞,,,,,て,テ,テ
46691_27707.html,39,105,しまっ,動詞,非自立,,,五段・ワ行促音便,連用タ接続,しまう,シマッ,シマッ
46691_27707.html,39,106,た,助動詞,,,,特殊・タ,基本形,た,タ,タ
46691_27707.html,39,107,の,名詞,非自立,一般,,,,の,ノ,ノ
46691_27707.html,39,108,で,助動詞,,,,特殊・ダ,連用形,だ,デ,デ
46691_27707.html,39,109,あり,助動詞,,,,五段・ラ行アル,連用形,ある,アリ,アリ
46691_27707.html,39,110,ます,助動詞,,,,特殊・マス,基本形,ます,マス,マス
46691_27707.html,39,111,」,記号,括弧閉,,,,,」,」,」
46691_27707.html,40,1,某,接頭詞,名詞接続,,,,,某,ボウ,ボー
46691_27707.html,40,2,名士,名詞,一般,,,,,名士,メイシ,メイシ
46691_27707.html,40,3,氏,名詞,接尾,人名,,,,氏,シ,シ
46691_27707.html,40,4,は,助詞,係助詞,,,,,は,ハ,ワ
46691_27707.html,40,5,ゆるやか,名詞,形容動詞語幹,,,,,ゆるやか,ユルヤカ,ユルヤカ
46691_27707.html,40,6,に,助詞,副詞化,,,,,に,ニ,ニ
46691_27707.html,40,7,うなずき,動詞,自立,,,五段・カ行イ音便,連用形,うなずく,ウナズキ,ウナズキ
46691_27707.html,40,8,ながら,助詞,接続助詞,,,,,ながら,ナガラ,ナガラ
46691_27707.html,40,9,その,連体詞,,,,,,その,ソノ,ソノ
46691_27707.html,40,10,男,名詞,一般,,,,,男,オトコ,オトコ
46691_27707.html,40,11,の,助詞,連体化,,,,,の,ノ,ノ
46691_27707.html,40,12,顔,名詞,一般,,,,,顔,カオ,カオ
46691_27707.html,40,13,を,助詞,格助詞,一般,,,,を,ヲ,ヲ
46691_27707.html,40,14,凝視,名詞,サ変接続,,,,,凝視,ギョウシ,ギョーシ
46691_27707.html,40,15,し,動詞,自立,,,サ変・スル,連用形,する,シ,シ
46691_27707.html,40,16,て,助詞,接続助詞,,,,,て,テ,テ
46691_27707.html,40,17,い,動詞,非自立,,,一段,連用形,いる,イ,イ
46691_27707.html,40,18,た,助動詞,,,,特殊・タ,基本形,た,タ,タ
46691_27707.html,40,19,。,記号,句点,,,,,。,。,。
46691_27707.html,41,1,筆者,名詞,一般,,,,,筆者,ヒッシャ,ヒッシャ
46691_27707.html,41,2,も,助詞,係助詞,,,,,も,モ,モ
46691_27707.html,41,3,その,連体詞,,,,,,その,ソノ,ソノ
46691_27707.html,41,4,男,名詞,一般,,,,,男,オトコ,オトコ
46691_27707.html,41,5,の,助詞,連体化,,,,,の,ノ,ノ
46691_27707.html,41,6,咄,名詞,一般,,,,,咄,咄,咄
46691_27707.html,41,7,々,記号,一般,,,,,々,々,々
46691_27707.html,41,8,と,助詞,格助詞,引用,,,,と,ト,ト
46691_27707.html,41,9,吐き出す,動詞,自立,,,五段・サ行,基本形,吐き出す,ハキダス,ハキダス
46691_27707.html,41,10,肺腑,名詞,一般,,,,,肺腑,ハイフ,ハイフ
46691_27707.html,41,11,の,助詞,連体化,,,,,の,ノ,ノ
46691_27707.html,41,12,声,名詞,一般,,,,,声,コエ,コエ
46691_27707.html,41,13,に,助詞,格助詞,一般,,,,に,ニ,ニ
46691_27707.html,41,14,動かさ,動詞,自立,,,五段・サ行,未然形,動かす,ウゴカサ,ウゴカサ
46691_27707.html,41,15,れ,動詞,接尾,,,一段,連用形,れる,レ,レ
46691_27707.html,41,16,て,助詞,接続助詞,,,,,て,テ,テ
46691_27707.html,41,17,胸,名詞,一般,,,,,胸,ムネ,ムネ
46691_27707.html,41,18,が,助詞,格助詞,一般,,,,が,ガ,ガ
46691_27707.html,41,19,一,名詞,数,,,,,一,イチ,イチ
46691_27707.html,41,20,パイ,名詞,一般,,,,,パイ,パイ,パイ
46691_27707.html,41,21,に,助詞,格助詞,一般,,,,に,ニ,ニ
46691_27707.html,41,22,なっ,動詞,自立,,,五段・ラ行,連用タ接続,なる,ナッ,ナッ
46691_27707.html,41,23,て,助詞,接続助詞,,,,,て,テ,テ
46691_27707.html,41,24,来,動詞,非自立,,,カ変・来ル,連用形,来る,キ,キ
46691_27707.html,41,25,た,助動詞,,,,特殊・タ,基本形,た,タ,タ
46691_27707.html,41,26,。,記号,句点,,,,,。,。,。
46691_27707.html,42,1,その,連体詞,,,,,,その,ソノ,ソノ
46691_27707.html,42,2,うち,名詞,非自立,副詞可能,,,,うち,ウチ,ウチ
46691_27707.html,42,3,に,助詞,格助詞,一般,,,,に,ニ,ニ
46691_27707.html,42,4,、,記号,読点,,,,,、,、,、
46691_27707.html,42,5,その,連体詞,,,,,,その,ソノ,ソノ
46691_27707.html,42,6,男,名詞,一般,,,,,男,オトコ,オトコ
46691_27707.html,42,7,の,助詞,連体化,,,,,の,ノ,ノ
46691_27707.html,42,8,眼,名詞,一般,,,,,眼,メ,メ
46691_27707.html,42,9,が,助詞,格助詞,一般,,,,が,ガ,ガ
46691_27707.html,42,10,真赤,名詞,形容動詞語幹,,,,,真赤,マッカ,マッカ
46691_27707.html,42,11,に,助詞,格助詞,一般,,,,に,ニ,ニ
46691_27707.html,42,12,なっ,動詞,自立,,,五段・ラ行,連用タ接続,なる,ナッ,ナッ
46691_27707.html,42,13,て,助詞,接続助詞,,,,,て,テ,テ
46691_27707.html,42,14,来,動詞,非自立,,,カ変・来ル,連用形,来る,キ,キ
46691_27707.html,42,15,た,助動詞,,,,特殊・タ,基本形,た,タ,タ
46691_27707.html,42,16,。,記号,句点,,,,,。,。,。
46691_27707.html,43,1,「,記号,括弧開,,,,,「,「,「
46691_27707.html,43,2,その,連体詞,,,,,,その,ソノ,ソノ
46691_27707.html,43,3,自殺,名詞,サ変接続,,,,,自殺,ジサツ,ジサツ
46691_27707.html,43,4,致し,動詞,自立,,,五段・サ行,連用形,致す,イタシ,イタシ
46691_27707.html,43,5,まし,助動詞,,,,特殊・マス,連用形,ます,マシ,マシ
46691_27707.html,43,6,た,助動詞,,,,特殊・タ,基本形,た,タ,タ
46691_27707.html,43,7,△,記号,一般,,,,,△,△,△
46691_27707.html,43,8,△,記号,一般,,,,,△,△,△
46691_27707.html,43,9,に,助詞,格助詞,一般,,,,に,ニ,ニ
46691_27707.html,43,10,は,助詞,係助詞,,,,,は,ハ,ワ
46691_27707.html,43,11,妻,名詞,一般,,,,,妻,ツマ,ツマ
46691_27707.html,43,12,と,助詞,並立助詞,,,,,と,ト,ト
46691_27707.html,43,13,男の子,名詞,一般,,,,,男の子,オトコノコ,オトコノコ
46691_27707.html,43,14,が,助詞,格助詞,一般,,,,が,ガ,ガ
46691_27707.html,43,15,三,名詞,数,,,,,三,サン,サン
46691_27707.html,43,16,人,名詞,接尾,助数詞,,,,人,ニン,ニン
46691_27707.html,43,17,あり,動詞,自立,,,五段・ラ行,連用形,ある,アリ,アリ
46691_27707.html,43,18,まし,助動詞,,,,特殊・マス,連用形,ます,マシ,マシ
46691_27707.html,43,19,て,助詞,接続助詞,,,,,て,テ,テ
46691_27707.html,43,20,、,記号,読点,,,,,、,、,、
46691_27707.html,43,21,今,名詞,副詞可能,,,,,今,イマ,イマ
46691_27707.html,43,22,申上げ,動詞,自立,,,一段,連用形,申上げる,モウシアゲ,モーシアゲ
46691_27707.html,43,23,まし,助動詞,,,,特殊・マス,連用形,ます,マシ,マシ
46691_27707.html,43,24,た,助動詞,,,,特殊・タ,基本形,た,タ,タ
46691_27707.html,43,25,よう,名詞,非自立,助動詞語幹,,,,よう,ヨウ,ヨー
46691_27707.html,43,26,な,助動詞,,,,特殊・ダ,体言接続,だ,ナ,ナ
46691_27707.html,43,27,事情,名詞,一般,,,,,事情,ジジョウ,ジジョー
46691_27707.html,43,28,で,助詞,格助詞,一般,,,,で,デ,デ
46691_27707.html,43,29,路頭,名詞,一般,,,,,路頭,ロトウ,ロトー
46691_27707.html,43,30,に,助詞,格助詞,一般,,,,に,ニ,ニ
46691_27707.html,43,31,迷う,動詞,自立,,,五段・ワ行ウ音便,連用タ接続,迷う,マヨウ,マヨウ
46691_27707.html,43,32,て,助詞,接続助詞,,,,,て,テ,テ
46691_27707.html,43,33,おり,動詞,非自立,,,五段・ラ行,連用形,おる,オリ,オリ
46691_27707.html,43,34,ます,助動詞,,,,特殊・マス,基本形,ます,マス,マス
46691_27707.html,43,35,の,名詞,非自立,一般,,,,の,ノ,ノ
46691_27707.html,43,36,を,助詞,格助詞,一般,,,,を,ヲ,ヲ
46691_27707.html,43,37,、,記号,読点,,,,,、,、,、
46691_27707.html,43,38,微力,名詞,形容動詞語幹,,,,,微力,ビリョク,ビリョク
46691_27707.html,43,39,ながら,助詞,接続助詞,,,,,ながら,ナガラ,ナガラ
46691_27707.html,43,40,吾,名詞,一般,,,,,吾,ワレ,ワレ
46691_27707.html,43,41,々,記号,一般,,,,,々,々,々
46691_27707.html,43,42,友人,名詞,一般,,,,,友人,ユウジン,ユージン
46691_27707.html,43,43,が,助詞,格助詞,一般,,,,が,ガ,ガ
46691_27707.html,43,44,寄り集まり,動詞,自立,,,五段・ラ行,連用形,寄り集まる,ヨリアツマリ,ヨリアツマリ
46691_27707.html,43,45,まし,助動詞,,,,特殊・マス,連用形,ます,マシ,マシ
46691_27707.html,43,46,て,助詞,接続助詞,,,,,て,テ,テ
46691_27707.html,43,47,、,記号,読点,,,,,、,、,、
46691_27707.html,43,48,どう,副詞,助詞類接続,,,,,どう,ドウ,ドー
46691_27707.html,43,49,に,助詞,副詞化,,,,,に,ニ,ニ
46691_27707.html,43,50,かこう,動詞,自立,,,五段・ワ行促音便,基本形,かこう,カコウ,カコウ
46691_27707.html,43,51,に,助詞,格助詞,一般,,,,に,ニ,ニ
46691_27707.html,43,52,か,助詞,副助詞／並立助詞／終助詞,,,,,か,カ,カ
46691_27707.html,43,53,喰える,動詞,自立,,,一段,基本形,喰える,クエル,クエル
46691_27707.html,43,54,よう,名詞,非自立,助動詞語幹,,,,よう,ヨウ,ヨー
46691_27707.html,43,55,に,助詞,副詞化,,,,,に,ニ,ニ
46691_27707.html,43,56,処置,名詞,サ変接続,,,,,処置,ショチ,ショチ
46691_27707.html,43,57,いたし,動詞,自立,,,五段・サ行,連用形,いたす,イタシ,イタシ
46691_27707.html,43,58,まし,助動詞,,,,特殊・マス,連用形,ます,マシ,マシ
46691_27707.html,43,59,た,助動詞,,,,特殊・タ,基本形,た,タ,タ
46691_27707.html,43,60,が,助詞,接続助詞,,,,,が,ガ,ガ
46691_27707.html,43,61,、,記号,読点,,,,,、,、,、
46691_27707.html,43,62,ここ,名詞,代名詞,一般,,,,ここ,ココ,ココ
46691_27707.html,43,63,に,助詞,格助詞,一般,,,,に,ニ,ニ
46691_27707.html,43,64,困り,動詞,自立,,,五段・ラ行,連用形,困る,コマリ,コマリ
46691_27707.html,43,65,ます,助動詞,,,,特殊・マス,基本形,ます,マス,マス
46691_27707.html,43,66,の,名詞,非自立,一般,,,,の,ノ,ノ
46691_27707.html,43,67,は,助詞,係助詞,,,,,は,ハ,ワ
46691_27707.html,43,68,その,連体詞,,,,,,その,ソノ,ソノ
46691_27707.html,43,69,三,名詞,数,,,,,三,サン,サン
46691_27707.html,43,70,人,名詞,接尾,助数詞,,,,人,ニン,ニン
46691_27707.html,43,71,の,助詞,連体化,,,,,の,ノ,ノ
46691_27707.html,43,72,子供,名詞,一般,,,,,子供,コドモ,コドモ
46691_27707.html,43,73,に,助詞,格助詞,一般,,,,に,ニ,ニ
46691_27707.html,43,74,父,名詞,一般,,,,,父,チチ,チチ
46691_27707.html,43,75,の,助詞,連体化,,,,,の,ノ,ノ
46691_27707.html,43,76,死因,名詞,一般,,,,,死因,シイン,シイン
46691_27707.html,43,77,が,助詞,格助詞,一般,,,,が,ガ,ガ
46691_27707.html,43,78,知らせ,動詞,自立,,,一段,未然形,知らせる,シラセ,シラセ
46691_27707.html,43,79,られ,動詞,接尾,,,一段,未然形,られる,ラレ,ラレ
46691_27707.html,43,80,ない,助動詞,,,,特殊・ナイ,基本形,ない,ナイ,ナイ
46691_27707.html,43,81,事,名詞,非自立,一般,,,,事,コト,コト
46691_27707.html,43,82,で,助動詞,,,,特殊・ダ,連用形,だ,デ,デ
46691_27707.html,43,83,御座い,助動詞,,,,五段・ラ行特殊,連用形,御座る,ゴザイ,ゴザイ
46691_27707.html,43,84,ます,助動詞,,,,特殊・マス,基本形,ます,マス,マス
46691_27707.html,43,85,。,記号,句点,,,,,。,。,。
46691_27707.html,44,1,今,名詞,副詞可能,,,,,今,イマ,イマ
46691_27707.html,44,2,でも,助詞,副助詞,,,,,でも,デモ,デモ
46691_27707.html,44,3,『,記号,括弧開,,,,,『,『,『
46691_27707.html,44,4,お父さん,名詞,一般,,,,,お父さん,オトウサン,オトーサン
46691_27707.html,44,5,は,助詞,係助詞,,,,,は,ハ,ワ
46691_27707.html,44,6,、,記号,読点,,,,,、,、,、
46691_27707.html,44,7,何処,名詞,代名詞,一般,,,,何処,ドコ,ドコ
46691_27707.html,44,8,で,助詞,格助詞,一般,,,,で,デ,デ
46691_27707.html,44,9,、,記号,読点,,,,,、,、,、
46691_27707.html,44,10,どうして,副詞,一般,,,,,どうして,ドウシテ,ドーシテ
46691_27707.html,44,11,死ん,動詞,自立,,,五段・ナ行,連用タ接続,死ぬ,シン,シン
46691_27707.html,44,12,だ,助動詞,,,,特殊・タ,基本形,だ,ダ,ダ
46691_27707.html,44,13,か,助詞,副助詞／並立助詞／終助詞,,,,,か,カ,カ
46691_27707.html,44,14,』,記号,括弧閉,,,,,』,』,』
46691_27707.html,44,15,と,助詞,格助詞,引用,,,,と,ト,ト
46691_27707.html,44,16,母親,名詞,一般,,,,,母親,ハハオヤ,ハハオヤ
46691_27707.html,44,17,や,助詞,並立助詞,,,,,や,ヤ,ヤ
46691_27707.html,44,18,私,名詞,代名詞,一般,,,,私,ワタシ,ワタシ
46691_27707.html,44,19,共に,副詞,一般,,,,,共に,トモニ,トモニ
46691_27707.html,44,20,代る代る,副詞,一般,,,,,代る代る,カワルガワル,カワルガワル
46691_27707.html,44,21,尋ねる,動詞,自立,,,一段,基本形,尋ねる,タズネル,タズネル
46691_27707.html,44,22,の,名詞,非自立,一般,,,,の,ノ,ノ
46691_27707.html,44,23,で,助動詞,,,,特殊・ダ,連用形,だ,デ,デ
46691_27707.html,44,24,御座い,助動詞,,,,五段・ラ行特殊,連用形,御座る,ゴザイ,ゴザイ
46691_27707.html,44,25,ます,助動詞,,,,特殊・マス,基本形,ます,マス,マス
46691_27707.html,44,26,が,助詞,接続助詞,,,,,が,ガ,ガ
46691_27707.html,44,27,、,記号,読点,,,,,、,、,、
46691_27707.html,44,28,皆,名詞,代名詞,一般,,,,皆,ミナ,ミナ
46691_27707.html,44,29,泣く,動詞,自立,,,五段・カ行イ音便,基本形,泣く,ナク,ナク
46691_27707.html,44,30,ばかり,助詞,副助詞,,,,,ばかり,バカリ,バカリ
46691_27707.html,44,31,で,助詞,格助詞,一般,,,,で,デ,デ
46691_27707.html,44,32,返事,名詞,サ変接続,,,,,返事,ヘンジ,ヘンジ
46691_27707.html,44,33,が,助詞,格助詞,一般,,,,が,ガ,ガ
46691_27707.html,44,34,出来,動詞,自立,,,一段,連用形,出来る,デキ,デキ
46691_27707.html,44,35,ませ,助動詞,,,,特殊・マス,未然形,ます,マセ,マセ
46691_27707.html,44,36,ん,助動詞,,,,不変化型,基本形,ん,ン,ン
46691_27707.html,44,37,。,記号,句点,,,,,。,。,。
46691_27707.html,45,1,それで,接続詞,,,,,,それで,ソレデ,ソレデ
46691_27707.html,45,2,…,記号,一般,,,,,…,…,…
46691_27707.html,45,3,…,記号,一般,,,,,…,…,…
46691_27707.html,45,4,その,連体詞,,,,,,その,ソノ,ソノ
46691_27707.html,45,5,父,名詞,一般,,,,,父,チチ,チチ
46691_27707.html,45,6,の,助詞,連体化,,,,,の,ノ,ノ
46691_27707.html,45,7,死に,動詞,自立,,,五段・ナ行,連用形,死ぬ,シニ,シニ
46691_27707.html,45,8,まし,助動詞,,,,特殊・マス,連用形,ます,マシ,マシ
46691_27707.html,45,9,た,助動詞,,,,特殊・タ,基本形,た,タ,タ
46691_27707.html,45,10,理由,名詞,一般,,,,,理由,リユウ,リユー
46691_27707.html,45,11,が,助詞,格助詞,一般,,,,が,ガ,ガ
46691_27707.html,45,12,わかり,動詞,自立,,,五段・ラ行,連用形,わかる,ワカリ,ワカリ
46691_27707.html,45,13,ます,助動詞,,,,特殊・マス,基本形,ます,マス,マス
46691_27707.html,45,14,よう,名詞,非自立,助動詞語幹,,,,よう,ヨウ,ヨー
46691_27707.html,45,15,な,助動詞,,,,特殊・ダ,体言接続,だ,ナ,ナ
46691_27707.html,45,16,お,接頭詞,名詞接続,,,,,お,オ,オ
46691_27707.html,45,17,言葉,名詞,一般,,,,,言葉,コトバ,コトバ
46691_27707.html,45,18,を,助詞,格助詞,一般,,,,を,ヲ,ヲ
46691_27707.html,45,19,、,記号,読点,,,,,、,、,、
46691_27707.html,45,20,先生,名詞,一般,,,,,先生,センセイ,センセイ
46691_27707.html,45,21,に,助詞,格助詞,一般,,,,に,ニ,ニ
46691_27707.html,45,22,一,名詞,数,,,,,一,イチ,イチ
46691_27707.html,45,23,筆,名詞,接尾,助数詞,,,,筆,ピツ,ピツ
46691_27707.html,45,24,書い,動詞,自立,,,五段・カ行イ音便,連用タ接続,書く,カイ,カイ
46691_27707.html,45,25,て,助詞,接続助詞,,,,,て,テ,テ
46691_27707.html,45,26,置い,動詞,自立,,,五段・カ行イ音便,連用タ接続,置く,オイ,オイ
46691_27707.html,45,27,て,助詞,接続助詞,,,,,て,テ,テ
46691_27707.html,45,28,頂き,動詞,自立,,,五段・カ行イ音便,連用形,頂く,イタダキ,イタダキ
46691_27707.html,45,29,まし,助動詞,,,,特殊・マス,連用形,ます,マシ,マシ
46691_27707.html,45,30,た,助動詞,,,,特殊・タ,基本形,た,タ,タ
46691_27707.html,45,31,なら,助動詞,,,,特殊・ダ,仮定形,だ,ナラ,ナラ
46691_27707.html,45,32,ば,助詞,接続助詞,,,,,ば,バ,バ
46691_27707.html,45,33,…,記号,一般,,,,,…,…,…
46691_27707.html,45,34,…,記号,一般,,,,,…,…,…
46691_27707.html,45,35,その,連体詞,,,,,,その,ソノ,ソノ
46691_27707.html,45,36,子供,名詞,一般,,,,,子供,コドモ,コドモ
46691_27707.html,45,37,たち,名詞,接尾,一般,,,,たち,タチ,タチ
46691_27707.html,45,38,の,助詞,連体化,,,,,の,ノ,ノ
46691_27707.html,45,39,成長,名詞,サ変接続,,,,,成長,セイチョウ,セイチョー
46691_27707.html,45,40,後,名詞,接尾,副詞可能,,,,後,ゴ,ゴ
46691_27707.html,45,41,に,助詞,格助詞,一般,,,,に,ニ,ニ
46691_27707.html,45,42,…,記号,一般,,,,,…,…,…
46691_27707.html,45,43,…,記号,一般,,,,,…,…,…
46691_27707.html,45,44,」,記号,括弧閉,,,,,」,」,」
46691_27707.html,46,1,あと,名詞,一般,,,,,あと,アト,アト
46691_27707.html,46,2,は,助詞,係助詞,,,,,は,ハ,ワ
46691_27707.html,46,3,声,名詞,一般,,,,,声,コエ,コエ
46691_27707.html,46,4,が,助詞,格助詞,一般,,,,が,ガ,ガ
46691_27707.html,46,5,曇っ,動詞,自立,,,五段・ラ行,連用タ接続,曇る,クモッ,クモッ
46691_27707.html,46,6,て,助詞,接続助詞,,,,,て,テ,テ
46691_27707.html,46,7,、,記号,読点,,,,,、,、,、
46691_27707.html,46,8,わから,動詞,自立,,,五段・ラ行,未然形,わかる,ワカラ,ワカラ
46691_27707.html,46,9,なく,助動詞,,,,特殊・ナイ,連用テ接続,ない,ナク,ナク
46691_27707.html,46,10,なっ,動詞,自立,,,五段・ラ行,連用タ接続,なる,ナッ,ナッ
46691_27707.html,46,11,た,助動詞,,,,特殊・タ,基本形,た,タ,タ
46691_27707.html,46,12,。,記号,句点,,,,,。,。,。
46691_27707.html,47,1,畳,名詞,一般,,,,,畳,タタミ,タタミ
46691_27707.html,47,2,の,助詞,連体化,,,,,の,ノ,ノ
46691_27707.html,47,3,上,名詞,非自立,副詞可能,,,,上,ジョウ,ジョー
46691_27707.html,47,4,に,助詞,格助詞,一般,,,,に,ニ,ニ
46691_27707.html,47,5,両手,名詞,一般,,,,,両手,リョウテ,リョーテ
46691_27707.html,47,6,を,助詞,格助詞,一般,,,,を,ヲ,ヲ
46691_27707.html,47,7,突い,動詞,自立,,,五段・カ行イ音便,連用タ接続,突く,ツイ,ツイ
46691_27707.html,47,8,て,助詞,接続助詞,,,,,て,テ,テ
46691_27707.html,47,9,男泣き,名詞,一般,,,,,男泣き,オトコナキ,オトコナキ
46691_27707.html,47,10,に,助詞,格助詞,一般,,,,に,ニ,ニ
46691_27707.html,47,11,泣く,動詞,自立,,,五段・カ行イ音便,基本形,泣く,ナク,ナク
46691_27707.html,47,12,ばかり,助詞,副助詞,,,,,ばかり,バカリ,バカリ
46691_27707.html,47,13,で,助動詞,,,,特殊・ダ,連用形,だ,デ,デ
46691_27707.html,47,14,あっ,助動詞,,,,五段・ラ行アル,連用タ接続,ある,アッ,アッ
46691_27707.html,47,15,た,助動詞,,,,特殊・タ,基本形,た,タ,タ
46691_27707.html,47,16,。,記号,句点,,,,,。,。,。
46691_27707.html,48,1,某,接頭詞,名詞接続,,,,,某,ボウ,ボー
46691_27707.html,48,2,名士,名詞,一般,,,,,名士,メイシ,メイシ
46691_27707.html,48,3,氏,名詞,接尾,人名,,,,氏,シ,シ
46691_27707.html,48,4,は,助詞,係助詞,,,,,は,ハ,ワ
46691_27707.html,48,5,静か,名詞,形容動詞語幹,,,,,静か,シズカ,シズカ
46691_27707.html,48,6,に,助詞,副詞化,,,,,に,ニ,ニ
46691_27707.html,48,7,白髯,名詞,一般,,,,,白髯,ハクゼン,ハクゼン
46691_27707.html,48,8,を,助詞,格助詞,一般,,,,を,ヲ,ヲ
46691_27707.html,48,9,掀,名詞,サ変接続,,,,,掀,掀,掀
46691_27707.html,48,10,し,動詞,自立,,,サ変・スル,連用形,する,シ,シ
46691_27707.html,48,11,ながら,助詞,接続助詞,,,,,ながら,ナガラ,ナガラ
46691_27707.html,48,12,立ち上っ,動詞,自立,,,五段・ラ行,連用タ接続,立ち上る,タチノボッ,タチノボッ
46691_27707.html,48,13,た,助動詞,,,,特殊・タ,基本形,た,タ,タ
46691_27707.html,48,14,。,記号,句点,,,,,。,。,。
46691_27707.html,49,1,次の間,名詞,一般,,,,,次の間,ツギノマ,ツギノマ
46691_27707.html,49,2,に,助詞,格助詞,一般,,,,に,ニ,ニ
46691_27707.html,49,3,毛氈,名詞,一般,,,,,毛氈,モウセン,モーセン
46691_27707.html,49,4,と,助詞,並立助詞,,,,,と,ト,ト
46691_27707.html,49,5,紙,名詞,一般,,,,,紙,カミ,カミ
46691_27707.html,49,6,を,助詞,格助詞,一般,,,,を,ヲ,ヲ
46691_27707.html,49,7,展,名詞,接尾,一般,,,,展,テン,テン
46691_27707.html,49,8,べ,助詞,終助詞,,,,,べ,ベ,ベ
46691_27707.html,49,9,さして,副詞,一般,,,,,さして,サシテ,サシテ
46691_27707.html,49,10,、,記号,読点,,,,,、,、,、
46691_27707.html,49,11,墨痕,名詞,一般,,,,,墨痕,ボッコン,ボッコン
46691_27707.html,49,12,深く,形容詞,自立,,,形容詞・アウオ段,連用テ接続,深い,フカク,フカク
46691_27707.html,50,1,「,記号,括弧開,,,,,「,「,「
46691_27707.html,50,2,安,接頭詞,名詞接続,,,,,安,ヤス,ヤス
46691_27707.html,50,3,天命,名詞,一般,,,,,天命,テンメイ,テンメイ
46691_27707.html,50,4,致,名詞,一般,,,,,致,致,致
46691_27707.html,50,5,忠誠,名詞,一般,,,,,忠誠,チュウセイ,チューセイ
46691_27707.html,50,6,」,記号,括弧閉,,,,,」,」,」
46691_27707.html,51,1,「,記号,括弧開,,,,,「,「,「
46691_27707.html,51,2,為,名詞,一般,,,,,為,タメ,タメ
46691_27707.html,51,3,△,記号,一般,,,,,△,△,△
46691_27707.html,51,4,△,記号,一般,,,,,△,△,△
46691_27707.html,51,5,君,名詞,接尾,人名,,,,君,クン,クン
46691_27707.html,51,6,」,記号,括弧閉,,,,,」,」,」
46691_27707.html,52,1,と,助詞,格助詞,引用,,,,と,ト,ト
46691_27707.html,52,2,書い,動詞,自立,,,五段・カ行イ音便,連用タ接続,書く,カイ,カイ
46691_27707.html,52,3,て,助詞,接続助詞,,,,,て,テ,テ
46691_27707.html,52,4,遣っ,動詞,非自立,,,五段・ワ行促音便,連用タ接続,遣う,ヅカッ,ヅカッ
46691_27707.html,52,5,た,助動詞,,,,特殊・タ,基本形,た,タ,タ
46691_27707.html,52,6,。,記号,句点,,,,,。,。,。
46691_27707.html,53,1,その,連体詞,,,,,,その,ソノ,ソノ
46691_27707.html,53,2,男,名詞,一般,,,,,男,オトコ,オトコ
46691_27707.html,53,3,は,助詞,係助詞,,,,,は,ハ,ワ
46691_27707.html,53,4,拝,名詞,サ変接続,,,,,拝,ハイ,ハイ
46691_27707.html,53,5,喜し,動詞,自立,,,五段・サ行,連用形,喜す,ヨロコバシ,ヨロコバシ
46691_27707.html,53,6,て,助詞,接続助詞,,,,,て,テ,テ
46691_27707.html,53,7,帰っ,動詞,自立,,,五段・ラ行,連用タ接続,帰る,カエッ,カエッ
46691_27707.html,53,8,た,助動詞,,,,特殊・タ,基本形,た,タ,タ
46691_27707.html,53,9,。,記号,句点,,,,,。,。,。
46691_27707.html,54,1,アト,名詞,一般,,,,,アト,アト,アト
46691_27707.html,54,2,で,助詞,格助詞,一般,,,,で,デ,デ
46691_27707.html,54,3,某,接頭詞,名詞接続,,,,,某,ボウ,ボー
46691_27707.html,54,4,クラブ,名詞,一般,,,,,クラブ,クラブ,クラブ
46691_27707.html,54,5,へ,助詞,格助詞,一般,,,,へ,ヘ,エ
46691_27707.html,54,6,行っ,動詞,自立,,,五段・カ行促音便,連用タ接続,行く,イッ,イッ
46691_27707.html,54,7,て,助詞,接続助詞,,,,,て,テ,テ
46691_27707.html,54,8,この,連体詞,,,,,,この,コノ,コノ
46691_27707.html,54,9,事,名詞,非自立,一般,,,,事,コト,コト
46691_27707.html,54,10,を,助詞,格助詞,一般,,,,を,ヲ,ヲ
46691_27707.html,54,11,話し,動詞,自立,,,五段・サ行,連用形,話す,ハナシ,ハナシ
46691_27707.html,54,12,たら,助動詞,,,,特殊・タ,仮定形,た,タラ,タラ
46691_27707.html,54,13,、,記号,読点,,,,,、,、,、
46691_27707.html,54,14,集まっ,動詞,自立,,,五段・ラ行,連用タ接続,集まる,アツマッ,アツマッ
46691_27707.html,54,15,て,助詞,接続助詞,,,,,て,テ,テ
46691_27707.html,54,16,い,動詞,非自立,,,一段,連用形,いる,イ,イ
46691_27707.html,54,17,た,助動詞,,,,特殊・タ,基本形,た,タ,タ
46691_27707.html,54,18,男,名詞,一般,,,,,男,オトコ,オトコ
46691_27707.html,54,19,の,助詞,連体化,,,,,の,ノ,ノ
46691_27707.html,54,20,中,名詞,非自立,副詞可能,,,,中,ナカ,ナカ
46691_27707.html,54,21,の,助詞,連体化,,,,,の,ノ,ノ
46691_27707.html,54,22,一,名詞,数,,,,,一,イチ,イチ
46691_27707.html,54,23,人,名詞,接尾,助数詞,,,,人,ニン,ニン
46691_27707.html,54,24,が,助詞,格助詞,一般,,,,が,ガ,ガ
46691_27707.html,54,25,突然,副詞,一般,,,,,突然,トツゼン,トツゼン
46691_27707.html,54,26,に,助詞,格助詞,一般,,,,に,ニ,ニ
46691_27707.html,54,27,笑い,動詞,自立,,,五段・ワ行促音便,連用形,笑う,ワライ,ワライ
46691_27707.html,54,28,出し,動詞,非自立,,,五段・サ行,連用形,出す,ダシ,ダシ
46691_27707.html,54,29,た,助動詞,,,,特殊・タ,基本形,た,タ,タ
46691_27707.html,54,30,。,記号,句点,,,,,。,。,。
46691_27707.html,55,1,「,記号,括弧開,,,,,「,「,「
46691_27707.html,55,2,アハハハ,名詞,一般,,,,,アハハハ,アハハハ,アハハハ
46691_27707.html,55,3,。,記号,句点,,,,,。,。,。
46691_27707.html,56,1,その,連体詞,,,,,,その,ソノ,ソノ
46691_27707.html,56,2,字,名詞,一般,,,,,字,ジ,ジ
46691_27707.html,56,3,は,助詞,係助詞,,,,,は,ハ,ワ
46691_27707.html,56,4,帰り,名詞,一般,,,,,帰り,カエリ,カエリ
46691_27707.html,56,5,に,助詞,格助詞,一般,,,,に,ニ,ニ
46691_27707.html,56,6,十,名詞,数,,,,,十,ジュウ,ジュー
46691_27707.html,56,7,円,名詞,接尾,助数詞,,,,円,エン,エン
46691_27707.html,56,8,で,助詞,格助詞,一般,,,,で,デ,デ
46691_27707.html,56,9,売っ,動詞,自立,,,五段・ラ行,連用タ接続,売る,ウッ,ウッ
46691_27707.html,56,10,たろ,助動詞,,,,特殊・タ,未然形,た,タロ,タロ
46691_27707.html,56,11,う,助動詞,,,,不変化型,基本形,う,ウ,ウ
46691_27707.html,56,12,」,記号,括弧閉,,,,,」,」,」
46691_27707.html,57,1,皆,名詞,代名詞,一般,,,,皆,ミナ,ミナ
46691_27707.html,57,2,ゲラゲラ,副詞,一般,,,,,ゲラゲラ,ゲラゲラ,ゲラゲラ
46691_27707.html,57,3,と,助詞,格助詞,引用,,,,と,ト,ト
46691_27707.html,57,4,笑い,動詞,自立,,,五段・ワ行促音便,連用形,笑う,ワライ,ワライ
46691_27707.html,57,5,出し,動詞,非自立,,,五段・サ行,連用形,出す,ダシ,ダシ
46691_27707.html,57,6,た,助動詞,,,,特殊・タ,基本形,た,タ,タ
46691_27707.html,57,7,。,記号,句点,,,,,。,。,。
46691_27707.html,58,1,「,記号,括弧開,,,,,「,「,「
46691_27707.html,58,2,東京,名詞,固有名詞,地域,一般,,,東京,トウキョウ,トーキョー
46691_27707.html,58,3,に,助詞,格助詞,一般,,,,に,ニ,ニ
46691_27707.html,58,4,は,助詞,係助詞,,,,,は,ハ,ワ
46691_27707.html,58,5,その,連体詞,,,,,,その,ソノ,ソノ
46691_27707.html,58,6,手,名詞,一般,,,,,手,テ,テ
46691_27707.html,58,7,が,助詞,格助詞,一般,,,,が,ガ,ガ
46691_27707.html,58,8,多い,形容詞,自立,,,形容詞・アウオ段,基本形,多い,オオイ,オーイ
46691_27707.html,58,9,から,助詞,接続助詞,,,,,から,カラ,カラ
46691_27707.html,58,10,ね,助詞,終助詞,,,,,ね,ネ,ネ
46691_27707.html,58,11,」,記号,括弧閉,,,,,」,」,」
46691_27707.html,59,1,筆者,名詞,一般,,,,,筆者,ヒッシャ,ヒッシャ
46691_27707.html,59,2,は,助詞,係助詞,,,,,は,ハ,ワ
46691_27707.html,59,3,愕然,名詞,一般,,,,,愕然,ガクゼン,ガクゼン
46691_27707.html,59,4,と,助詞,格助詞,一般,,,,と,ト,ト
46691_27707.html,59,5,し,動詞,自立,,,サ変・スル,連用形,する,シ,シ
46691_27707.html,59,6,た,助動詞,,,,特殊・タ,基本形,た,タ,タ
46691_27707.html,59,7,。,記号,句点,,,,,。,。,。
46691_27707.html,60,1,トタン,名詞,一般,,,,,トタン,トタン,トタン
46691_27707.html,60,2,に,助詞,格助詞,一般,,,,に,ニ,ニ
46691_27707.html,60,3,東京,名詞,固有名詞,地域,一般,,,東京,トウキョウ,トーキョー
46691_27707.html,60,4,が,助詞,格助詞,一般,,,,が,ガ,ガ
46691_27707.html,60,5,底,名詞,一般,,,,,底,ソコ,ソコ
46691_27707.html,60,6,の,助詞,格助詞,一般,,,,の,ノ,ノ
46691_27707.html,60,7,知れ,動詞,自立,,,一段,未然形,知れる,シレ,シレ
46691_27707.html,60,8,ない,助動詞,,,,特殊・ナイ,基本形,ない,ナイ,ナイ
46691_27707.html,60,9,ほど,助詞,副助詞,,,,,ほど,ホド,ホド
46691_27707.html,60,10,恐ろしく,形容詞,自立,,,形容詞・イ段,連用テ接続,恐ろしい,オソロシク,オソロシク
46691_27707.html,60,11,なっ,動詞,自立,,,五段・ラ行,連用タ接続,なる,ナッ,ナッ
46691_27707.html,60,12,た,助動詞,,,,特殊・タ,基本形,た,タ,タ
46691_27707.html,60,13,。,記号,句点,,,,,。,。,。
46691_27707.html,61,1,心,名詞,一般,,,,,心,ココロ,ココロ
46691_27707.html,61,2,の,助詞,連体化,,,,,の,ノ,ノ
46691_27707.html,61,3,中,名詞,非自立,副詞可能,,,,中,ナカ,ナカ
46691_27707.html,61,4,で,助詞,格助詞,一般,,,,で,デ,デ
46691_27707.html,61,5,某,接頭詞,名詞接続,,,,,某,ボウ,ボー
46691_27707.html,61,6,クラブ,名詞,一般,,,,,クラブ,クラブ,クラブ
46691_27707.html,61,7,の,助詞,連体化,,,,,の,ノ,ノ
46691_27707.html,61,8,連中,名詞,一般,,,,,連中,レンチュウ,レンチュー
46691_27707.html,61,9,に,助詞,格助詞,一般,,,,に,ニ,ニ
46691_27707.html,61,10,永久,名詞,一般,,,,,永久,エイキュウ,エイキュー
46691_27707.html,61,11,の,助詞,連体化,,,,,の,ノ,ノ
46691_27707.html,61,12,絶交,名詞,サ変接続,,,,,絶交,ゼッコウ,ゼッコー
46691_27707.html,61,13,を,助詞,格助詞,一般,,,,を,ヲ,ヲ
46691_27707.html,61,14,申渡し,動詞,自立,,,五段・サ行,連用形,申渡す,モウシワタシ,モーシワタシ
46691_27707.html,61,15,ながら,助詞,接続助詞,,,,,ながら,ナガラ,ナガラ
46691_27707.html,61,16,東京,名詞,固有名詞,地域,一般,,,東京,トウキョウ,トーキョー
46691_27707.html,61,17,を,助詞,格助詞,一般,,,,を,ヲ,ヲ
46691_27707.html,61,18,去っ,動詞,自立,,,五段・ラ行,連用タ接続,去る,サッ,サッ
46691_27707.html,61,19,た,助動詞,,,,特殊・タ,基本形,た,タ,タ
46691_27707.html,61,20,。,記号,句点,,,,,。,。,。
